userid,courseid,burst_activity_days
5,5,2
45,5,1
46,5,1
47,5,2
48,5,1
49,5,1
50,5,1
51,5,1
52,5,0
53,5,1
54,5,0
55,5,0
56,5,0
57,5,1
285,5,0
196,10,0
197,10,0
198,10,0
199,10,0
200,10,0
201,10,0
202,10,0
203,10,0
204,10,0
205,10,0
206,10,0
207,10,0
208,10,0
209,10,0
210,10,0
211,10,0
212,10,0
213,10,0
214,10,0
215,10,0
216,10,0
217,10,0
218,10,0
219,10,0
220,10,0
221,10,0
222,10,0
223,10,0
224,10,0
225,10,0
226,10,0
227,10,0
228,10,0
229,10,0
230,10,0
231,10,0
232,10,0
233,10,0
234,10,0
235,10,0
236,10,0
237,10,0
238,10,0
239,10,0
5,11,2
61,11,0
197,11,1
198,11,2
199,11,3
200,11,4
201,11,2
202,11,4
203,11,3
204,11,2
205,11,2
206,11,2
207,11,1
208,11,2
209,11,6
210,11,3
211,11,5
212,11,2
213,11,2
214,11,4
215,11,3
216,11,2
217,11,6
218,11,1
219,11,1
220,11,1
221,11,5
222,11,2
223,11,4
224,11,1
225,11,2
226,11,3
227,11,2
228,11,3
229,11,2
230,11,3
231,11,1
232,11,1
233,11,3
234,11,2
235,11,2
236,11,1
237,11,1
238,11,8
239,11,2
285,11,5
195,12,0
197,12,0
198,12,0
199,12,0
200,12,0
201,12,0
202,12,0
203,12,0
204,12,0
205,12,0
206,12,0
207,12,0
208,12,0
209,12,0
210,12,0
211,12,0
212,12,0
213,12,0
214,12,0
215,12,0
216,12,0
217,12,0
218,12,0
219,12,0
220,12,0
221,12,0
222,12,0
223,12,0
224,12,0
225,12,0
226,12,1
227,12,0
228,12,0
229,12,0
230,12,0
231,12,0
232,12,0
233,12,0
234,12,0
235,12,0
236,12,0
237,12,0
238,12,0
239,12,0
70,13,0
197,13,0
198,13,1
199,13,0
200,13,0
201,13,0
202,13,0
203,13,0
204,13,0
205,13,0
206,13,0
207,13,0
208,13,0
209,13,0
210,13,0
211,13,0
212,13,0
213,13,0
214,13,0
215,13,0
216,13,1
217,13,0
218,13,0
219,13,0
220,13,0
221,13,0
222,13,0
223,13,0
224,13,0
225,13,0
226,13,0
227,13,0
228,13,0
229,13,0
230,13,0
231,13,0
232,13,0
233,13,0
234,13,0
235,13,0
236,13,0
237,13,0
238,13,0
239,13,0
68,14,0
197,14,0
198,14,0
199,14,0
200,14,0
201,14,0
202,14,0
203,14,0
204,14,0
205,14,0
206,14,0
207,14,0
208,14,0
209,14,0
210,14,0
211,14,0
212,14,1
213,14,0
214,14,0
215,14,0
216,14,0
217,14,0
218,14,0
219,14,0
220,14,0
221,14,0
222,14,0
223,14,0
224,14,0
225,14,0
226,14,0
227,14,0
228,14,0
229,14,0
230,14,0
231,14,0
232,14,0
233,14,0
234,14,0
235,14,0
236,14,0
237,14,0
238,14,0
239,14,0
65,16,0
72,16,1
73,16,0
74,16,0
75,16,1
76,16,0
77,16,0
78,16,0
79,16,0
80,16,0
81,16,0
82,16,0
83,16,1
84,16,0
85,16,0
86,16,0
87,16,0
88,16,0
89,16,0
90,16,1
91,16,0
92,16,0
93,16,0
94,16,0
95,16,0
96,16,0
97,16,0
98,16,0
99,16,0
100,16,0
101,16,0
102,16,1
103,16,0
104,16,0
105,16,0
106,16,0
107,16,0
108,16,0
109,16,0
110,16,0
111,16,0
112,16,1
113,16,0
196,16,0
5,17,0
61,17,0
65,17,1
72,17,4
73,17,6
74,17,8
75,17,5
76,17,4
77,17,4
78,17,6
79,17,3
80,17,10
81,17,3
82,17,2
83,17,3
84,17,2
85,17,3
86,17,4
87,17,5
88,17,1
89,17,2
90,17,3
91,17,1
92,17,8
93,17,6
94,17,4
95,17,4
96,17,2
97,17,1
98,17,3
99,17,4
100,17,9
101,17,3
102,17,6
103,17,2
104,17,2
105,17,4
106,17,7
107,17,2
108,17,4
109,17,6
110,17,2
111,17,2
112,17,4
113,17,3
285,17,5
62,18,2
65,18,5
72,18,4
73,18,5
74,18,7
75,18,2
76,18,3
77,18,5
78,18,5
79,18,4
80,18,4
81,18,2
82,18,4
83,18,5
84,18,2
85,18,4
86,18,3
87,18,6
88,18,0
89,18,1
90,18,2
91,18,4
92,18,8
93,18,6
94,18,2
95,18,5
96,18,3
97,18,1
98,18,16
99,18,18
100,18,7
101,18,2
102,18,5
103,18,4
104,18,4
105,18,6
106,18,3
107,18,3
108,18,7
109,18,6
110,18,9
111,18,1
112,18,3
113,18,16
65,19,0
70,19,0
72,19,1
73,19,0
74,19,0
75,19,0
76,19,0
77,19,0
78,19,2
79,19,0
80,19,1
81,19,1
82,19,0
83,19,0
84,19,0
85,19,0
86,19,1
87,19,0
88,19,0
89,19,0
90,19,0
91,19,0
92,19,0
93,19,0
94,19,0
95,19,0
96,19,0
97,19,1
98,19,0
99,19,0
100,19,1
101,19,1
102,19,0
103,19,1
104,19,0
105,19,0
106,19,0
107,19,0
108,19,0
109,19,0
110,19,0
111,19,0
112,19,0
113,19,0
65,20,0
68,20,0
72,20,0
73,20,0
74,20,1
75,20,0
76,20,0
77,20,0
78,20,0
79,20,0
80,20,1
81,20,0
82,20,0
83,20,0
84,20,0
85,20,0
86,20,1
87,20,1
88,20,0
89,20,0
90,20,0
91,20,0
92,20,0
93,20,0
94,20,0
95,20,0
96,20,0
97,20,1
98,20,0
99,20,0
100,20,0
101,20,0
102,20,1
103,20,0
104,20,0
105,20,0
106,20,0
107,20,0
108,20,0
109,20,0
110,20,0
111,20,0
112,20,0
113,20,0
114,22,0
115,22,0
116,22,0
117,22,0
118,22,0
119,22,0
120,22,0
121,22,0
122,22,0
123,22,0
124,22,0
125,22,0
126,22,0
127,22,1
128,22,0
129,22,0
130,22,0
131,22,0
132,22,0
133,22,1
134,22,0
135,22,1
136,22,0
137,22,0
138,22,0
139,22,0
140,22,0
141,22,0
142,22,0
143,22,0
144,22,0
145,22,0
146,22,0
147,22,0
148,22,0
149,22,0
150,22,2
151,22,0
152,22,0
153,22,0
154,22,0
5,23,0
61,23,6
114,23,3
115,23,1
116,23,0
117,23,2
118,23,4
119,23,5
120,23,6
121,23,7
122,23,5
123,23,6
124,23,3
125,23,5
126,23,5
127,23,4
128,23,1
129,23,1
130,23,2
131,23,2
132,23,9
133,23,6
134,23,0
135,23,7
136,23,3
137,23,3
138,23,5
139,23,3
140,23,4
141,23,3
142,23,5
143,23,4
144,23,3
145,23,5
146,23,2
147,23,1
148,23,3
149,23,4
150,23,4
151,23,3
152,23,4
153,23,0
154,23,1
71,24,3
114,24,3
115,24,1
116,24,1
117,24,2
118,24,3
119,24,3
120,24,7
121,24,11
122,24,6
123,24,3
124,24,1
125,24,3
126,24,1
127,24,3
128,24,2
129,24,2
130,24,3
131,24,2
132,24,2
133,24,2
134,24,0
135,24,5
136,24,3
137,24,3
138,24,4
139,24,2
140,24,6
141,24,6
142,24,2
143,24,3
144,24,3
145,24,2
146,24,4
147,24,1
148,24,1
149,24,2
150,24,2
151,24,4
152,24,3
153,24,0
154,24,3
68,25,0
69,25,6
114,25,2
115,25,2
116,25,1
117,25,4
118,25,5
119,25,4
120,25,4
121,25,6
122,25,6
123,25,5
124,25,2
125,25,4
126,25,6
127,25,2
128,25,1
129,25,3
130,25,5
131,25,3
132,25,5
133,25,4
134,25,0
135,25,6
136,25,5
137,25,4
138,25,3
139,25,3
140,25,3
141,25,6
142,25,5
143,25,4
144,25,5
145,25,5
146,25,5
147,25,5
148,25,2
149,25,2
150,25,5
151,25,18
152,25,6
153,25,0
154,25,2
114,26,0
115,26,0
116,26,0
117,26,0
118,26,0
119,26,1
120,26,1
121,26,0
122,26,0
123,26,0
124,26,0
125,26,1
126,26,1
127,26,0
128,26,0
129,26,0
130,26,0
131,26,0
132,26,0
133,26,0
134,26,0
135,26,1
136,26,1
137,26,0
138,26,0
139,26,0
140,26,0
141,26,1
142,26,1
143,26,0
144,26,0
145,26,0
146,26,0
147,26,0
148,26,0
149,26,1
150,26,0
151,26,0
152,26,0
153,26,0
154,26,0
194,26,0
155,28,0
156,28,0
157,28,0
158,28,1
159,28,0
160,28,0
161,28,0
162,28,0
163,28,0
164,28,0
165,28,0
166,28,1
167,28,0
168,28,0
169,28,0
170,28,0
171,28,1
172,28,0
173,28,1
174,28,0
175,28,0
176,28,0
177,28,0
178,28,0
179,28,0
180,28,1
181,28,1
182,28,0
183,28,0
184,28,0
185,28,1
186,28,1
187,28,0
188,28,0
189,28,0
190,28,1
191,28,0
192,28,0
193,28,1
5,29,5
61,29,3
155,29,4
156,29,3
157,29,0
158,29,2
159,29,1
160,29,2
161,29,2
162,29,5
163,29,2
164,29,3
165,29,7
166,29,6
167,29,2
168,29,5
169,29,1
170,29,6
171,29,5
172,29,0
173,29,5
174,29,4
175,29,4
176,29,2
177,29,7
178,29,1
179,29,0
180,29,5
181,29,4
182,29,6
183,29,0
184,29,2
185,29,3
186,29,4
187,29,3
188,29,0
189,29,5
190,29,3
191,29,2
192,29,5
193,29,6
71,30,2
155,30,3
156,30,4
157,30,0
158,30,3
159,30,1
160,30,2
161,30,3
162,30,4
163,30,1
164,30,2
165,30,5
166,30,6
167,30,5
168,30,7
169,30,3
170,30,4
171,30,4
172,30,0
173,30,5
174,30,0
175,30,5
176,30,2
177,30,8
178,30,1
179,30,0
180,30,1
181,30,7
182,30,5
183,30,0
184,30,3
185,30,3
186,30,4
187,30,1
188,30,2
189,30,3
190,30,4
191,30,1
192,30,4
193,30,1
69,31,1
155,31,4
156,31,6
157,31,0
158,31,4
159,31,5
160,31,0
161,31,2
162,31,3
163,31,3
164,31,2
165,31,6
166,31,6
167,31,4
168,31,4
169,31,4
170,31,4
171,31,3
172,31,0
173,31,4
174,31,1
175,31,23
176,31,4
177,31,4
178,31,3
179,31,0
180,31,8
181,31,3
182,31,7
183,31,0
184,31,5
185,31,3
186,31,4
187,31,3
188,31,1
189,31,3
190,31,6
191,31,3
192,31,7
193,31,2
155,32,0
156,32,1
157,32,0
158,32,1
159,32,0
160,32,0
161,32,0
162,32,0
163,32,0
164,32,0
165,32,1
166,32,1
167,32,0
168,32,1
169,32,0
170,32,0
171,32,0
172,32,0
173,32,0
174,32,0
175,32,0
176,32,0
177,32,0
178,32,0
179,32,0
180,32,0
181,32,1
182,32,0
183,32,0
184,32,0
185,32,0
186,32,0
187,32,0
188,32,0
189,32,0
190,32,1
191,32,1
192,32,1
193,32,0
194,32,0
5,34,1
240,34,2
241,34,2
242,34,0
243,34,1
244,34,0
245,34,1
246,34,1
247,34,2
248,34,2
249,34,1
250,34,1
251,34,2
252,34,3
253,34,2
254,34,0
255,34,2
256,34,2
257,34,5
258,34,2
259,34,1
260,34,3
261,34,2
262,34,1
263,34,2
264,34,0
265,34,2
266,34,2
267,34,2
268,34,0
269,34,1
270,34,0
271,34,0
272,34,2
273,34,2
274,34,0
275,34,1
276,34,2
277,34,1
278,34,3
279,34,0
280,34,1
281,34,3
282,34,1
283,34,1
284,34,0
285,34,2
4,35,0
5,35,1
58,35,0
62,35,0
65,35,1
66,35,0
68,35,0
69,35,1
70,35,1
71,35,0
285,35,0
286,35,0
287,35,0
288,35,0
289,35,0
290,35,0
291,35,0
292,35,0
293,35,0
294,35,0
295,35,0
296,35,0
297,35,0
298,35,0
299,35,0
300,35,0
301,35,0
302,35,0
303,35,0
304,35,1
305,35,0
306,35,0
307,35,0
308,35,0
309,35,0
310,35,1
311,35,0
312,35,0
313,35,0
314,35,0
315,35,0
316,35,0
317,35,0
318,35,1
319,35,1
320,35,0
321,35,0
322,35,0
323,35,0
324,35,0
325,35,0
326,35,0
327,35,0
328,35,0
329,35,0
330,35,0
331,35,0
332,35,0
333,35,0
334,35,0
335,35,0
336,35,0
337,35,0
338,35,0
339,35,0
340,35,0
342,35,0
343,35,0
344,35,1
345,35,0
346,35,0
347,35,1
5,36,0
58,36,0
62,36,0
65,36,0
66,36,0
68,36,0
69,36,1
70,36,0
71,36,0
285,36,0
320,36,0
321,36,0
325,36,0
342,36,0
343,36,0
345,36,0
346,36,0
349,36,0
350,36,0
351,36,0
352,36,0
353,36,0
354,36,0
355,36,0
356,36,0
357,36,0
358,36,0
359,36,0
360,36,0
361,36,0
362,36,0
363,36,0
364,36,0
365,36,0
366,36,0
367,36,0
368,36,0
369,36,0
370,36,0
371,36,0
372,36,0
373,36,0
374,36,0
375,36,0
376,36,0
377,36,0
378,36,0
379,36,0
380,36,0
381,36,0
382,36,0
383,36,0
384,36,0
385,36,0
386,36,0
387,36,0
388,36,0
389,36,0
390,36,0
391,36,0
392,36,0
393,36,0
394,36,0
395,36,0
396,36,0
397,36,0
398,36,0
399,36,0
400,36,0
401,36,0
402,36,1
403,36,0
404,36,0
405,36,1
406,36,0
407,36,0
408,36,0
409,36,0
5,37,0
58,37,0
62,37,0
65,37,0
66,37,0
67,37,2
68,37,0
69,37,1
70,37,0
71,37,0
285,37,0
293,37,1
308,37,1
410,37,0
411,37,0
412,37,0
413,37,0
414,37,0
415,37,0
416,37,1
417,37,0
418,37,0
419,37,0
420,37,0
421,37,0
422,37,0
423,37,0
424,37,0
425,37,1
426,37,0
427,37,0
428,37,0
429,37,0
430,37,0
431,37,0
432,37,0
433,37,0
434,37,1
435,37,0
436,37,0
437,37,1
438,37,0
439,37,0
440,37,1
441,37,0
442,37,0
443,37,0
444,37,0
445,37,0
446,37,0
447,37,0
448,37,0
449,37,0
450,37,0
451,37,0
452,37,0
453,37,1
5,38,0
58,38,0
62,38,0
65,38,0
66,38,0
67,38,0
70,38,0
71,38,0
285,38,0
348,38,0
378,38,0
434,38,2
444,38,0
445,38,0
446,38,0
448,38,2
449,38,0
450,38,0
451,38,0
454,38,0
455,38,0
456,38,0
457,38,0
458,38,0
459,38,0
460,38,0
461,38,0
462,38,0
463,38,0
464,38,0
465,38,0
466,38,0
467,38,0
468,38,0
469,38,0
470,38,0
471,38,0
472,38,0
473,38,0
474,38,1
475,38,0
476,38,0
477,38,1
478,38,0
479,38,0
480,38,0
481,38,0
482,38,0
483,38,0
484,38,0
485,38,0
486,38,0
487,38,0
488,38,0
489,38,0
490,38,0
491,38,0
492,38,0
493,38,0
494,38,0
495,38,0
497,38,0
4,39,0
5,39,0
58,39,0
62,39,0
65,39,0
66,39,0
68,39,0
69,39,0
70,39,0
285,39,0
370,39,0
371,39,0
372,39,0
373,39,0
374,39,0
375,39,0
376,39,0
377,39,0
378,39,0
401,39,0
404,39,0
436,39,1
444,39,1
445,39,0
446,39,0
451,39,0
467,39,0
480,39,0
484,39,0
489,39,0
494,39,0
498,39,0
499,39,0
500,39,0
501,39,0
502,39,1
503,39,0
504,39,0
505,39,0
506,39,0
507,39,0
508,39,0
509,39,0
510,39,0
511,39,0
512,39,0
513,39,0
514,39,0
515,39,0
516,39,0
517,39,0
518,39,0
519,39,0
520,39,0
521,39,0
522,39,0
523,39,1
524,39,0
525,39,0
526,39,0
527,39,0
528,39,0
529,39,0
530,39,0
531,39,0
532,39,0
533,39,0
534,39,0
535,39,0
536,39,0
537,39,0
538,39,0
539,39,0
540,39,0
541,39,0
542,39,0
543,39,1
544,39,0
545,39,0
546,39,0
547,39,0
548,39,0
549,39,0
550,39,0
551,39,0
552,39,0
553,39,0
554,39,1
555,39,0
556,39,0
557,39,0
558,39,0
559,39,1
560,39,0
561,39,0
562,39,0
563,39,0
5,40,0
58,40,0
62,40,0
65,40,0
66,40,0
67,40,0
68,40,0
69,40,0
70,40,0
71,40,0
285,40,0
355,40,0
372,40,0
375,40,0
408,40,0
451,40,0
452,40,0
465,40,0
479,40,0
484,40,0
486,40,1
491,40,0
492,40,0
493,40,0
501,40,0
504,40,1
511,40,0
520,40,1
521,40,0
546,40,0
564,40,0
565,40,1
566,40,0
567,40,0
568,40,1
569,40,0
570,40,0
571,40,0
572,40,0
573,40,0
574,40,0
575,40,0
576,40,0
577,40,0
578,40,0
579,40,0
580,40,0
581,40,0
582,40,0
583,40,0
584,40,0
585,40,0
586,40,0
587,40,0
588,40,0
589,40,0
590,40,0
591,40,0
592,40,0
593,40,0
594,40,1
595,40,0
596,40,0
597,40,0
598,40,0
599,40,0
600,40,0
601,40,2
602,40,0
603,40,0
604,40,0
605,40,0
606,40,0
607,40,1
608,40,0
609,40,0
610,40,1
611,40,0
612,40,0
613,40,0
5,41,0
58,41,0
62,41,0
65,41,0
66,41,0
67,41,0
68,41,0
69,41,0
70,41,0
285,41,0
309,41,0
355,41,0
480,41,0
501,41,0
518,41,0
569,41,0
584,41,0
586,41,0
596,41,0
614,41,0
615,41,0
616,41,0
617,41,0
618,41,0
619,41,0
620,41,0
621,41,0
622,41,0
623,41,0
624,41,0
625,41,0
626,41,0
627,41,0
628,41,0
629,41,0
630,41,0
631,41,0
632,41,0
633,41,0
634,41,0
635,41,0
636,41,0
637,41,0
638,41,0
639,41,0
641,41,0
642,41,0
644,41,1
645,41,0
646,41,1
647,41,0
648,41,0
649,41,0
650,41,0
652,41,0
5,42,0
62,42,1
65,42,0
66,42,0
67,42,0
68,42,0
69,42,0
70,42,0
71,42,0
194,42,0
285,42,0
309,42,0
338,42,0
350,42,0
569,42,0
613,42,0
616,42,0
623,42,0
630,42,0
644,42,0
653,42,0
654,42,0
655,42,0
656,42,0
657,42,0
658,42,0
659,42,0
660,42,0
661,42,2
662,42,0
663,42,0
664,42,2
665,42,0
666,42,0
667,42,0
668,42,0
669,42,0
670,42,0
671,42,0
672,42,0
673,42,0
674,42,0
675,42,0
676,42,0
677,42,0
678,42,0
679,42,0
680,42,1
681,42,0
682,42,1
683,42,0
684,42,0
685,42,0
686,42,1
687,42,0
688,42,0
689,42,0
690,42,0
691,42,0
692,42,0
693,42,0
694,42,0
695,42,0
696,42,0
697,42,0
698,42,0
699,42,0
700,42,1
701,42,0
702,42,0
703,42,0
704,42,0
705,42,0
706,42,0
707,42,0
708,42,0
709,42,0
710,42,0
711,42,0
712,42,0
713,42,0
714,42,0
715,42,0
716,42,0
717,42,0
718,42,0
719,42,0
720,42,0
721,42,0
722,42,0
723,42,0
724,42,0
725,42,0
726,42,0
727,42,0
728,42,0
729,42,0
730,42,0
731,42,0
732,42,0
733,42,1
734,42,0
735,42,0
736,42,0
737,42,0
738,42,0
740,42,0
741,42,0
742,42,0
743,42,0
744,42,0
745,42,0
746,42,0
747,42,0
748,42,0
749,42,0
750,42,0
751,42,0
752,42,0
753,42,0
754,42,0
755,42,0
756,42,0
757,42,0
758,42,0
759,42,0
760,42,0
761,42,0
762,42,0
763,42,0
764,42,0
928,42,0
995,42,0
1005,42,0
5,43,0
65,43,0
67,43,0
68,43,0
69,43,0
337,43,0
344,43,0
595,43,0
632,43,0
633,43,0
634,43,0
645,43,0
766,43,0
767,43,0
768,43,0
769,43,0
770,43,0
771,43,0
772,43,0
773,43,0
774,43,0
775,43,0
776,43,0
777,43,0
778,43,0
779,43,0
780,43,0
781,43,0
782,43,0
783,43,0
784,43,0
785,43,0
786,43,0
787,43,0
788,43,0
789,43,0
790,43,0
791,43,0
792,43,0
793,43,0
794,43,0
795,43,0
796,43,0
797,43,0
798,43,0
799,43,0
800,43,0
801,43,0
802,43,0
803,43,0
804,43,0
805,43,0
806,43,0
807,43,0
808,43,0
809,43,0
810,43,0
811,43,0
812,43,0
813,43,0
814,43,0
815,43,0
816,43,0
818,43,0
819,43,0
5,44,0
62,44,1
64,44,1
65,44,1
66,44,0
67,44,2
68,44,0
869,44,1
870,44,2
871,44,0
872,44,2
873,44,3
874,44,4
875,44,4
876,44,1
877,44,1
878,44,2
879,44,4
880,44,5
881,44,4
882,44,3
883,44,3
884,44,2
886,44,4
887,44,3
888,44,4
889,44,6
890,44,3
891,44,3
892,44,4
893,44,1
894,44,1
895,44,3
988,44,2
1009,44,2
1013,44,4
1014,44,0
1112,44,0
2,45,1
5,45,1
62,45,0
67,45,0
68,45,0
820,45,0
821,45,0
822,45,1
823,45,1
824,45,0
825,45,0
826,45,0
827,45,0
828,45,0
829,45,0
830,45,0
831,45,0
832,45,2
833,45,0
834,45,0
835,45,0
836,45,0
837,45,0
838,45,0
839,45,1
840,45,0
841,45,1
842,45,0
843,45,0
844,45,1
845,45,0
846,45,1
847,45,0
848,45,0
849,45,1
850,45,0
851,45,3
852,45,0
853,45,0
854,45,0
855,45,0
856,45,0
857,45,3
858,45,1
860,45,1
861,45,0
862,45,2
863,45,0
864,45,0
865,45,0
866,45,1
867,45,1
868,45,0
5,46,0
58,46,0
60,46,0
67,46,0
68,46,0
289,46,0
290,46,0
347,46,0
349,46,0
358,46,0
359,46,0
360,46,0
670,46,0
736,46,0
771,46,0
774,46,0
784,46,0
896,46,0
897,46,0
898,46,0
899,46,0
900,46,0
901,46,0
902,46,0
903,46,0
904,46,0
905,46,0
906,46,0
907,46,0
908,46,0
909,46,0
910,46,0
911,46,0
912,46,0
913,46,0
914,46,0
915,46,0
916,46,0
917,46,0
918,46,0
919,46,0
920,46,0
921,46,0
922,46,0
923,46,0
924,46,0
925,46,0
926,46,0
927,46,0
928,46,0
929,46,0
930,46,0
931,46,0
932,46,0
933,46,0
934,46,0
935,46,0
936,46,0
937,46,0
938,46,0
939,46,1
940,46,0
941,46,0
942,46,0
943,46,0
944,46,0
945,46,0
946,46,0
947,46,0
948,46,0
949,46,0
950,46,0
951,46,0
952,46,0
953,46,0
954,46,0
955,46,0
956,46,0
957,46,0
958,46,0
959,46,0
960,46,0
961,46,0
962,46,0
963,46,0
964,46,0
965,46,0
966,46,0
967,46,0
968,46,0
969,46,0
970,46,0
971,46,0
972,46,0
973,46,0
974,46,0
975,46,0
976,46,0
977,46,0
978,46,0
979,46,0
980,46,0
981,46,0
982,46,0
983,46,0
984,46,0
985,46,0
987,46,0
990,46,0
991,46,0
992,46,0
993,46,0
994,46,0
995,46,0
996,46,0
997,46,0
998,46,0
999,46,0
1000,46,0
1001,46,0
1002,46,0
1003,46,0
1004,46,0
1005,46,0
1006,46,0
1007,46,0
1008,46,0
1010,46,0
1011,46,0
62,47,1
68,47,0
942,47,0
1112,47,1
1113,47,0
1114,47,1
1115,47,2
1116,47,1
1117,47,1
1118,47,3
1119,47,2
1120,47,2
1121,47,1
1122,47,5
1123,47,1
1124,47,1
1125,47,1
1126,47,2
1127,47,1
1128,47,3
1129,47,2
1130,47,2
1131,47,1
1132,47,0
1133,47,1
1134,47,2
1135,47,1
1136,47,2
1137,47,1
1138,47,0
1141,47,2
1142,47,4
1143,47,1
1144,47,3
1145,47,1
1146,47,2
1147,47,1
1148,47,1
1149,47,1
1150,47,4
1151,47,3
1152,47,1
1153,47,0
1154,47,0
1155,47,1
1156,47,3
1157,47,1
1158,47,2
1159,47,0
1160,47,1
4,48,0
80,48,0
84,48,0
86,48,0
89,48,0
93,48,0
99,48,0
102,48,0
108,48,0
116,48,0
119,48,0
127,48,0
139,48,0
140,48,0
142,48,0
151,48,0
164,48,0
185,48,0
193,48,0
198,48,0
215,48,0
227,48,0
228,48,0
239,48,0
2,49,1
2,50,1
2,51,1
3,51,0
4,51,0
64,51,0
70,51,0
285,51,0
5,52,0
62,52,0
1017,52,1
1018,52,0
1019,52,0
1020,52,0
1021,52,0
1022,52,0
1023,52,0
1024,52,0
1025,52,1
1026,52,0
1027,52,0
1028,52,1
1029,52,0
1030,52,1
1031,52,0
1032,52,2
1033,52,0
1034,52,1
1035,52,0
1036,52,0
1037,52,0
1038,52,0
1039,52,0
1040,52,0
1041,52,0
1042,52,0
1043,52,0
1044,52,0
1045,52,1
1046,52,0
1047,52,0
1048,52,0
1049,52,0
1050,52,1
1051,52,0
1052,52,0
1053,52,0
1054,52,0
1055,52,0
1056,52,0
1057,52,0
1058,52,0
1059,52,0
61,54,0
197,54,0
198,54,0
199,54,0
200,54,0
201,54,0
202,54,0
203,54,0
204,54,0
205,54,0
206,54,0
207,54,0
208,54,0
209,54,0
210,54,0
211,54,0
212,54,0
213,54,0
214,54,0
215,54,0
216,54,0
217,54,0
218,54,0
219,54,0
220,54,0
221,54,0
222,54,0
223,54,0
224,54,0
225,54,0
226,54,0
227,54,0
228,54,0
229,54,0
230,54,0
231,54,0
232,54,0
233,54,0
234,54,0
235,54,0
236,54,0
237,54,0
238,54,0
239,54,0
61,55,0
197,55,3
198,55,1
199,55,3
200,55,3
201,55,3
202,55,3
203,55,3
204,55,3
205,55,3
206,55,3
207,55,3
208,55,3
209,55,3
210,55,3
211,55,5
212,55,3
213,55,3
214,55,3
215,55,3
216,55,3
217,55,3
218,55,3
219,55,3
220,55,0
221,55,3
222,55,3
223,55,3
224,55,3
225,55,3
226,55,2
227,55,3
228,55,3
229,55,2
230,55,3
231,55,2
232,55,4
233,55,3
234,55,3
235,55,3
236,55,3
237,55,3
238,55,3
239,55,3
706,55,5
61,56,0
70,56,0
197,56,1
198,56,0
199,56,1
200,56,1
201,56,1
202,56,1
203,56,1
204,56,1
205,56,1
206,56,0
207,56,1
208,56,0
209,56,1
210,56,0
211,56,2
212,56,1
213,56,1
214,56,1
215,56,0
216,56,1
217,56,1
218,56,1
219,56,1
220,56,0
221,56,2
222,56,1
223,56,1
224,56,0
225,56,1
226,56,0
227,56,1
228,56,2
229,56,1
230,56,1
231,56,1
232,56,1
233,56,0
234,56,1
235,56,1
236,56,1
237,56,1
238,56,1
239,56,1
285,56,3
61,57,0
69,57,1
197,57,1
198,57,1
199,57,2
200,57,2
201,57,4
202,57,1
203,57,2
204,57,2
205,57,1
206,57,1
207,57,6
208,57,3
209,57,1
210,57,3
211,57,4
212,57,8
213,57,3
214,57,2
215,57,1
216,57,1
217,57,2
218,57,1
219,57,1
220,57,0
221,57,1
222,57,4
223,57,2
224,57,1
225,57,1
226,57,2
227,57,2
228,57,2
229,57,0
230,57,2
231,57,0
232,57,2
233,57,1
234,57,2
235,57,2
236,57,5
237,57,1
238,57,5
239,57,1
61,58,0
74,58,3
75,58,1
77,58,2
82,58,1
83,58,3
85,58,1
86,58,2
87,58,2
92,58,3
94,58,1
97,58,1
98,58,1
100,58,4
101,58,1
107,58,1
109,58,5
111,58,1
113,58,1
197,58,1
199,58,3
203,58,1
207,58,1
208,58,2
211,58,6
214,58,1
217,58,1
222,58,1
225,58,1
228,58,2
231,58,1
234,58,1
236,58,1
238,58,4
239,58,3
1060,58,2
65,59,0
72,59,0
73,59,0
74,59,0
75,59,0
76,59,0
77,59,0
78,59,0
79,59,0
80,59,0
81,59,0
82,59,2
83,59,0
84,59,0
85,59,0
86,59,0
87,59,0
88,59,0
89,59,0
90,59,0
91,59,0
92,59,0
93,59,0
94,59,0
95,59,0
96,59,0
97,59,0
98,59,0
99,59,0
100,59,0
101,59,0
102,59,0
103,59,0
104,59,0
105,59,0
106,59,0
107,59,1
108,59,0
109,59,0
110,59,0
111,59,0
112,59,0
113,59,0
668,59,0
65,60,0
72,60,0
73,60,1
74,60,1
75,60,1
76,60,1
77,60,1
78,60,1
79,60,1
80,60,1
81,60,1
82,60,1
83,60,1
84,60,1
85,60,1
86,60,0
87,60,2
88,60,0
89,60,1
90,60,1
91,60,0
92,60,1
93,60,2
94,60,1
95,60,1
96,60,2
97,60,0
98,60,1
99,60,0
100,60,1
101,60,1
102,60,1
103,60,1
104,60,1
105,60,0
106,60,0
107,60,1
108,60,1
109,60,1
110,60,1
111,60,0
112,60,1
113,60,1
700,60,1
65,61,0
70,61,0
72,61,0
73,61,1
74,61,0
75,61,2
76,61,1
77,61,0
78,61,1
79,61,0
80,61,1
81,61,1
82,61,0
83,61,1
84,61,1
85,61,1
86,61,1
87,61,0
88,61,0
89,61,0
90,61,0
91,61,0
92,61,0
93,61,2
94,61,0
95,61,2
96,61,0
97,61,1
98,61,0
99,61,0
100,61,1
101,61,0
102,61,0
103,61,0
104,61,1
105,61,0
106,61,1
107,61,2
108,61,0
109,61,1
110,61,1
111,61,0
112,61,1
113,61,0
285,61,1
65,62,0
69,62,1
72,62,2
73,62,6
74,62,4
75,62,5
76,62,1
77,62,2
78,62,3
79,62,3
80,62,2
81,62,4
82,62,4
83,62,5
84,62,1
85,62,2
86,62,4
87,62,6
88,62,1
89,62,1
90,62,0
91,62,1
92,62,2
93,62,3
94,62,0
95,62,4
96,62,3
97,62,2
98,62,1
99,62,2
100,62,4
101,62,3
102,62,1
103,62,2
104,62,5
105,62,1
106,62,1
107,62,5
108,62,2
109,62,2
110,62,5
111,62,1
112,62,3
113,62,5
65,63,0
76,63,0
78,63,0
79,63,0
80,63,0
81,63,0
84,63,0
88,63,0
89,63,0
90,63,0
91,63,0
93,63,1
95,63,0
96,63,0
99,63,0
102,63,0
103,63,0
104,63,0
105,63,0
106,63,0
108,63,0
110,63,0
112,63,0
198,63,0
200,63,0
201,63,0
202,63,0
204,63,0
205,63,0
206,63,0
209,63,0
210,63,0
212,63,0
213,63,0
215,63,0
216,63,0
218,63,0
219,63,0
221,63,0
223,63,0
224,63,0
226,63,0
227,63,0
229,63,0
230,63,0
232,63,0
233,63,0
235,63,0
237,63,0
530,63,0
62,64,0
114,64,1
115,64,0
116,64,0
117,64,0
118,64,0
119,64,1
120,64,1
121,64,0
122,64,0
123,64,1
124,64,1
125,64,1
126,64,1
127,64,1
128,64,0
129,64,1
130,64,1
131,64,1
132,64,1
133,64,1
135,64,1
136,64,1
137,64,0
138,64,1
139,64,0
140,64,1
141,64,1
142,64,0
143,64,1
144,64,1
145,64,0
146,64,0
147,64,0
148,64,0
149,64,1
151,64,1
152,64,0
153,64,0
154,64,1
374,64,1
62,65,0
114,65,0
115,65,0
116,65,0
117,65,0
118,65,0
119,65,0
120,65,0
121,65,0
122,65,0
123,65,0
124,65,0
125,65,0
126,65,0
127,65,0
128,65,0
129,65,1
130,65,0
131,65,0
132,65,0
133,65,0
135,65,0
136,65,0
137,65,0
138,65,0
139,65,0
140,65,0
141,65,0
142,65,0
143,65,0
144,65,0
145,65,0
146,65,0
147,65,0
148,65,0
149,65,0
151,65,0
152,65,0
153,65,0
154,65,0
662,65,0
62,66,0
114,66,1
115,66,2
116,66,2
117,66,2
118,66,2
119,66,2
120,66,1
121,66,1
122,66,10
123,66,2
124,66,2
125,66,2
126,66,3
127,66,1
128,66,1
129,66,1
130,66,1
131,66,2
132,66,0
133,66,1
135,66,2
136,66,2
137,66,0
138,66,1
139,66,1
140,66,3
141,66,1
142,66,0
143,66,1
144,66,1
145,66,1
146,66,2
147,66,2
148,66,1
149,66,2
151,66,3
152,66,0
153,66,0
154,66,0
817,66,3
62,67,0
68,67,1
114,67,0
115,67,0
116,67,0
117,67,0
118,67,0
119,67,1
120,67,1
121,67,0
122,67,1
123,67,1
124,67,0
125,67,1
126,67,0
127,67,0
128,67,0
129,67,1
130,67,0
131,67,1
132,67,0
133,67,2
135,67,0
136,67,0
137,67,1
138,67,0
139,67,0
140,67,1
141,67,0
142,67,0
143,67,1
144,67,1
145,67,0
146,67,0
147,67,0
148,67,0
149,67,1
151,67,0
152,67,0
153,67,0
154,67,1
62,68,0
63,68,1
114,68,2
115,68,1
116,68,1
117,68,3
118,68,1
119,68,2
120,68,3
121,68,3
122,68,3
123,68,2
124,68,1
125,68,2
126,68,2
127,68,2
128,68,0
129,68,2
130,68,1
131,68,2
132,68,2
133,68,2
135,68,2
136,68,3
137,68,2
138,68,0
139,68,2
140,68,4
141,68,2
142,68,2
143,68,1
144,68,3
145,68,2
146,68,1
147,68,3
148,68,1
149,68,1
151,68,3
152,68,0
153,68,0
154,68,0
285,68,4
62,69,0
68,69,1
114,69,0
115,69,0
116,69,0
117,69,0
118,69,0
119,69,1
120,69,1
121,69,1
122,69,0
123,69,1
124,69,0
125,69,0
126,69,0
127,69,0
128,69,0
129,69,1
130,69,0
131,69,1
132,69,0
133,69,0
135,69,0
136,69,0
137,69,0
138,69,0
139,69,0
140,69,1
141,69,0
142,69,0
143,69,0
144,69,1
145,69,0
146,69,1
147,69,1
148,69,0
149,69,1
151,69,0
152,69,0
153,69,0
154,69,1
66,70,0
155,70,1
156,70,0
157,70,0
158,70,0
159,70,0
160,70,1
161,70,1
162,70,0
163,70,0
164,70,1
165,70,1
166,70,1
167,70,0
168,70,1
169,70,1
170,70,1
171,70,0
172,70,0
173,70,1
174,70,1
175,70,1
176,70,1
177,70,1
178,70,1
179,70,0
180,70,0
181,70,1
182,70,1
183,70,0
184,70,0
185,70,0
186,70,0
187,70,0
188,70,0
189,70,0
190,70,0
191,70,0
192,70,1
193,70,1
374,70,1
66,71,0
155,71,0
156,71,0
157,71,0
158,71,0
159,71,0
160,71,0
161,71,0
162,71,0
163,71,0
164,71,0
165,71,0
166,71,0
167,71,0
168,71,0
169,71,0
170,71,0
171,71,0
172,71,0
173,71,0
174,71,0
175,71,0
176,71,0
177,71,0
178,71,0
179,71,0
180,71,0
181,71,0
182,71,0
183,71,0
184,71,0
185,71,0
186,71,0
187,71,0
188,71,0
189,71,0
190,71,0
191,71,0
192,71,0
193,71,0
662,71,0
66,72,0
155,72,0
156,72,0
157,72,0
158,72,0
159,72,0
160,72,0
161,72,0
162,72,0
163,72,0
164,72,0
165,72,1
166,72,0
167,72,0
168,72,0
169,72,0
170,72,0
171,72,0
172,72,0
173,72,0
174,72,0
175,72,0
176,72,0
177,72,1
178,72,0
179,72,0
180,72,0
181,72,0
182,72,1
183,72,0
184,72,0
185,72,0
186,72,0
187,72,0
188,72,0
189,72,0
190,72,0
191,72,1
192,72,0
193,72,0
299,72,0
66,73,0
69,73,5
155,73,1
156,73,1
157,73,0
158,73,1
159,73,0
160,73,0
161,73,3
162,73,0
163,73,3
164,73,1
165,73,4
166,73,1
167,73,3
168,73,2
169,73,4
170,73,4
171,73,0
172,73,0
173,73,4
174,73,1
175,73,2
176,73,3
177,73,5
178,73,3
179,73,0
180,73,5
181,73,6
182,73,5
183,73,0
184,73,2
185,73,1
186,73,1
187,73,0
188,73,1
189,73,1
190,73,4
191,73,1
192,73,3
193,73,3
63,74,0
66,74,0
155,74,3
156,74,0
157,74,0
158,74,2
159,74,1
160,74,0
161,74,2
162,74,0
163,74,1
164,74,2
165,74,3
166,74,2
167,74,2
168,74,2
169,74,3
170,74,2
171,74,0
172,74,0
173,74,5
174,74,1
175,74,3
176,74,2
177,74,3
178,74,2
179,74,0
180,74,2
181,74,3
182,74,4
183,74,0
184,74,3
185,74,3
186,74,1
187,74,0
188,74,2
189,74,1
190,74,4
191,74,1
192,74,3
193,74,3
285,74,5
66,75,0
68,75,1
155,75,1
156,75,0
157,75,0
158,75,1
159,75,0
160,75,0
161,75,1
162,75,0
163,75,1
164,75,0
165,75,2
166,75,0
167,75,0
168,75,0
169,75,0
170,75,1
171,75,0
172,75,0
173,75,1
174,75,1
175,75,2
176,75,0
177,75,2
178,75,0
179,75,0
180,75,0
181,75,1
182,75,0
183,75,0
184,75,0
185,75,0
186,75,1
187,75,0
188,75,0
189,75,0
190,75,0
191,75,0
192,75,1
193,75,2
5,76,1
285,76,2
1062,76,1
1063,76,1
1064,76,1
1065,76,1
1066,76,2
1067,76,1
1068,76,2
1069,76,1
1070,76,1
1071,76,1
1072,76,0
1073,76,1
1074,76,0
1075,76,0
1076,76,1
1077,76,0
1078,76,0
1079,76,1
1080,76,1
1081,76,1
1082,76,0
1083,76,0
1084,76,0
1085,76,1
1086,76,1
1087,76,0
1088,76,1
1089,76,1
1090,76,0
1091,76,1
1092,76,2
1093,76,3
1094,76,0
1095,76,1
1096,76,1
1097,76,0
1098,76,1
1099,76,1
1100,76,1
1101,76,2
1102,76,1
1103,76,1
1104,76,1
1105,76,1
1106,76,1
1107,76,0
1108,76,1
1109,76,1
1110,76,0
1111,76,1
65,77,4
1162,77,4
1163,77,9
1164,77,7
1165,77,7
1166,77,4
1167,77,7
1168,77,1
1169,77,4
1170,77,5
1171,77,5
1172,77,3
1173,77,6
1174,77,4
1175,77,5
1176,77,3
1177,77,4
1178,77,5
1179,77,8
1180,77,0
1181,77,7
1182,77,2
1183,77,7
1184,77,7
1185,77,4
1186,77,5
1187,77,6
1188,77,5
1189,77,1
1190,77,9
1191,77,6
1192,77,6
1193,77,4
1194,77,3
1195,77,6
1196,77,7
1197,77,4
71,78,6
1162,78,4
1163,78,6
1164,78,5
1165,78,6
1166,78,6
1167,78,5
1168,78,4
1169,78,6
1170,78,7
1171,78,6
1172,78,5
1173,78,4
1174,78,5
1175,78,5
1176,78,3
1177,78,6
1178,78,6
1179,78,9
1180,78,0
1181,78,6
1182,78,5
1183,78,11
1184,78,6
1185,78,3
1186,78,5
1187,78,4
1188,78,7
1189,78,4
1190,78,14
1191,78,2
1192,78,3
1193,78,5
1194,78,3
1195,78,9
1196,78,4
1197,78,6
67,79,0
1162,79,2
1163,79,2
1164,79,1
1165,79,4
1166,79,2
1167,79,1
1168,79,1
1169,79,1
1170,79,2
1171,79,1
1172,79,1
1173,79,1
1174,79,0
1175,79,2
1176,79,1
1177,79,1
1178,79,2
1179,79,1
1180,79,0
1181,79,2
1182,79,1
1183,79,4
1184,79,1
1185,79,1
1186,79,1
1187,79,0
1188,79,1
1189,79,1
1190,79,3
1191,79,1
1192,79,0
1193,79,1
1194,79,2
1195,79,3
1196,79,1
1197,79,1
491,80,0
1162,80,0
1163,80,0
1164,80,0
1165,80,0
1166,80,1
1167,80,0
1168,80,0
1169,80,2
1170,80,2
1171,80,0
1172,80,0
1173,80,1
1174,80,0
1175,80,0
1176,80,0
1177,80,0
1178,80,1
1179,80,0
1180,80,0
1181,80,0
1182,80,0
1183,80,0
1184,80,0
1185,80,0
1186,80,0
1187,80,0
1188,80,0
1189,80,0
1190,80,1
1191,80,0
1192,80,1
1193,80,0
1194,80,0
1195,80,1
1196,80,0
1197,80,1
342,81,0
1162,81,1
1163,81,0
1164,81,0
1165,81,0
1166,81,1
1167,81,0
1168,81,0
1169,81,0
1170,81,2
1171,81,0
1172,81,0
1173,81,0
1174,81,0
1175,81,0
1176,81,1
1177,81,1
1178,81,1
1179,81,0
1180,81,0
1181,81,2
1182,81,2
1183,81,1
1184,81,1
1185,81,0
1186,81,0
1187,81,0
1188,81,0
1189,81,0
1190,81,1
1191,81,0
1192,81,0
1193,81,0
1194,81,0
1195,81,1
1196,81,0
1197,81,0
61,82,1
1198,82,4
1199,82,3
1200,82,1
1201,82,9
1202,82,5
1203,82,4
1204,82,3
1205,82,4
1206,82,4
1207,82,2
1208,82,2
1209,82,4
1210,82,4
1211,82,7
1212,82,8
1213,82,5
1214,82,5
1215,82,9
1216,82,2
1217,82,5
1218,82,9
1219,82,5
1220,82,9
1221,82,5
1222,82,4
1223,82,3
1224,82,18
1225,82,12
1226,82,4
1227,82,4
1228,82,3
1229,82,0
1230,82,2
1231,82,5
1232,82,2
1233,82,4
71,83,6
1198,83,7
1199,83,5
1200,83,4
1201,83,9
1202,83,3
1203,83,5
1204,83,8
1205,83,5
1206,83,5
1207,83,1
1208,83,2
1209,83,2
1210,83,8
1211,83,4
1212,83,14
1213,83,5
1214,83,6
1215,83,10
1216,83,3
1217,83,4
1218,83,8
1219,83,4
1220,83,6
1221,83,5
1222,83,3
1223,83,4
1224,83,13
1225,83,14
1226,83,4
1227,83,4
1228,83,3
1229,83,0
1230,83,3
1231,83,10
1232,83,3
1233,83,7
67,84,1
1198,84,1
1199,84,0
1200,84,0
1201,84,3
1202,84,1
1203,84,1
1204,84,1
1205,84,2
1206,84,1
1207,84,0
1208,84,0
1209,84,1
1210,84,1
1211,84,2
1212,84,5
1213,84,1
1214,84,1
1215,84,0
1216,84,1
1217,84,0
1218,84,1
1219,84,1
1220,84,2
1221,84,1
1222,84,0
1223,84,1
1224,84,6
1225,84,2
1226,84,1
1227,84,1
1228,84,1
1229,84,0
1230,84,1
1231,84,2
1232,84,3
1233,84,1
487,85,0
1198,85,0
1199,85,0
1200,85,1
1201,85,1
1202,85,0
1203,85,1
1204,85,0
1205,85,1
1206,85,0
1207,85,0
1208,85,0
1209,85,0
1210,85,0
1211,85,2
1212,85,0
1213,85,0
1214,85,0
1215,85,1
1216,85,0
1217,85,0
1218,85,2
1219,85,2
1220,85,0
1221,85,0
1222,85,0
1223,85,0
1224,85,1
1225,85,1
1226,85,0
1227,85,0
1228,85,0
1229,85,0
1230,85,0
1231,85,1
1232,85,1
1233,85,1
489,86,0
1198,86,0
1199,86,0
1200,86,0
1201,86,1
1202,86,0
1203,86,0
1204,86,0
1205,86,0
1206,86,0
1207,86,0
1208,86,0
1209,86,0
1210,86,0
1211,86,1
1212,86,1
1213,86,1
1214,86,0
1215,86,0
1216,86,1
1217,86,0
1218,86,0
1219,86,0
1220,86,0
1221,86,1
1222,86,0
1223,86,0
1224,86,2
1225,86,1
1226,86,1
1227,86,0
1228,86,0
1229,86,0
1230,86,1
1231,86,0
1232,86,1
1233,86,1
58,87,0
1161,87,2
1234,87,1
1235,87,1
1236,87,1
1237,87,1
1238,87,3
1239,87,1
1240,87,1
1241,87,1
1242,87,1
1243,87,1
1244,87,1
1245,87,0
1246,87,1
1247,87,1
1248,87,1
1249,87,1
1250,87,2
1251,87,1
1252,87,1
1253,87,1
1254,87,1
1255,87,1
1256,87,1
1257,87,1
1258,87,1
1259,87,1
1260,87,1
1261,87,0
1262,87,1
1263,87,1
1264,87,1
1265,87,1
71,88,6
1234,88,4
1235,88,5
1236,88,7
1237,88,6
1238,88,13
1239,88,5
1240,88,7
1241,88,6
1242,88,4
1243,88,1
1244,88,3
1245,88,0
1246,88,4
1247,88,5
1248,88,4
1249,88,8
1250,88,5
1251,88,3
1252,88,4
1253,88,5
1254,88,7
1255,88,4
1256,88,2
1257,88,6
1258,88,3
1259,88,3
1260,88,4
1261,88,1
1262,88,5
1263,88,3
1264,88,3
1265,88,1
67,89,1
1234,89,0
1235,89,0
1236,89,0
1237,89,0
1238,89,2
1239,89,1
1240,89,0
1241,89,0
1242,89,0
1243,89,0
1244,89,0
1245,89,0
1246,89,0
1247,89,1
1248,89,0
1249,89,0
1250,89,0
1251,89,0
1252,89,0
1253,89,0
1254,89,2
1255,89,0
1256,89,1
1257,89,2
1258,89,0
1259,89,1
1260,89,0
1261,89,0
1262,89,0
1263,89,0
1264,89,0
1265,89,1
58,90,0
493,90,0
1234,90,0
1235,90,0
1236,90,0
1237,90,0
1238,90,3
1239,90,0
1240,90,0
1241,90,1
1242,90,0
1243,90,0
1244,90,0
1245,90,0
1246,90,0
1247,90,0
1248,90,0
1249,90,0
1250,90,0
1251,90,0
1252,90,0
1253,90,0
1254,90,1
1255,90,0
1256,90,1
1257,90,0
1258,90,0
1259,90,0
1260,90,0
1261,90,0
1262,90,0
1263,90,0
1264,90,0
1265,90,0
58,91,0
488,91,0
1234,91,1
1235,91,0
1236,91,2
1237,91,1
1238,91,1
1239,91,0
1240,91,0
1241,91,0
1242,91,0
1243,91,0
1244,91,0
1245,91,0
1246,91,0
1247,91,0
1248,91,0
1249,91,0
1250,91,0
1251,91,0
1252,91,0
1253,91,1
1254,91,1
1255,91,0
1256,91,1
1257,91,0
1258,91,0
1259,91,0
1260,91,0
1261,91,0
1262,91,0
1263,91,0
1264,91,0
1265,91,0
65,92,3
1266,92,2
1267,92,4
1268,92,2
1269,92,5
1270,92,2
1271,92,2
1272,92,2
1273,92,5
1274,92,1
1275,92,2
1276,92,3
1277,92,5
1278,92,4
1279,92,3
1280,92,4
1281,92,5
1282,92,4
1283,92,2
1284,92,2
1285,92,5
1286,92,3
1287,92,3
1288,92,2
1289,92,2
1290,92,2
1291,92,4
1292,92,3
1293,92,4
1294,92,3
1295,92,6
1296,92,3
1297,92,5
71,93,6
1266,93,2
1267,93,5
1268,93,1
1269,93,9
1270,93,4
1271,93,2
1272,93,4
1273,93,3
1274,93,2
1275,93,4
1276,93,3
1277,93,9
1278,93,2
1279,93,4
1280,93,3
1281,93,6
1282,93,4
1283,93,6
1284,93,3
1285,93,5
1286,93,2
1287,93,2
1288,93,3
1289,93,1
1290,93,2
1291,93,3
1292,93,3
1293,93,4
1294,93,5
1295,93,8
1296,93,5
1297,93,14
4,94,6
1266,94,4
1267,94,4
1268,94,3
1269,94,4
1270,94,3
1271,94,3
1272,94,4
1273,94,5
1274,94,2
1275,94,2
1276,94,3
1277,94,2
1278,94,4
1279,94,5
1280,94,4
1281,94,4
1282,94,4
1283,94,5
1284,94,4
1285,94,3
1286,94,3
1287,94,3
1288,94,3
1289,94,4
1290,94,7
1291,94,4
1292,94,3
1293,94,3
1294,94,4
1295,94,7
1296,94,3
1297,94,3
379,95,0
1266,95,0
1267,95,0
1268,95,0
1269,95,2
1270,95,1
1271,95,0
1272,95,0
1273,95,0
1274,95,1
1275,95,0
1276,95,1
1277,95,0
1278,95,1
1279,95,0
1280,95,0
1281,95,0
1282,95,0
1283,95,0
1284,95,1
1285,95,0
1286,95,0
1287,95,0
1288,95,0
1289,95,0
1290,95,0
1291,95,0
1292,95,1
1293,95,1
1294,95,0
1295,95,0
1296,95,0
1297,95,1
342,96,0
1266,96,1
1267,96,0
1268,96,0
1269,96,0
1270,96,0
1271,96,0
1272,96,1
1273,96,0
1274,96,0
1275,96,1
1276,96,0
1277,96,1
1278,96,1
1279,96,0
1280,96,0
1281,96,0
1282,96,0
1283,96,0
1284,96,0
1285,96,0
1286,96,0
1287,96,0
1288,96,1
1289,96,0
1290,96,1
1291,96,1
1292,96,1
1293,96,1
1294,96,0
1295,96,1
1296,96,0
1297,96,1
719,97,2
1298,97,1
1299,97,4
1300,97,3
1301,97,3
1302,97,2
1303,97,3
1304,97,2
1305,97,3
1306,97,3
1307,97,3
1308,97,2
1309,97,2
1310,97,2
1311,97,2
1312,97,1
1313,97,2
1314,97,1
1315,97,1
1316,97,1
1317,97,2
1318,97,2
1319,97,2
1320,97,3
1321,97,2
1322,97,2
1323,97,3
1324,97,1
1325,97,4
1326,97,1
1327,97,4
1328,97,1
71,98,6
1298,98,10
1299,98,8
1300,98,1
1301,98,4
1302,98,3
1303,98,0
1304,98,6
1305,98,2
1306,98,7
1307,98,8
1308,98,3
1309,98,7
1310,98,4
1311,98,3
1312,98,4
1313,98,3
1314,98,6
1315,98,6
1316,98,2
1317,98,3
1318,98,2
1319,98,6
1320,98,8
1321,98,5
1322,98,7
1323,98,6
1324,98,3
1325,98,9
1326,98,2
1327,98,1
1328,98,4
3,99,1
173,99,6
1298,99,6
1299,99,4
1300,99,5
1301,99,4
1302,99,5
1303,99,4
1304,99,8
1305,99,4
1306,99,5
1307,99,7
1308,99,4
1309,99,4
1310,99,6
1311,99,5
1312,99,3
1313,99,5
1314,99,4
1315,99,5
1316,99,6
1317,99,2
1318,99,3
1319,99,7
1320,99,4
1321,99,5
1322,99,7
1323,99,5
1324,99,4
1325,99,5
1326,99,3
1327,99,4
1328,99,5
486,100,0
1298,100,1
1299,100,0
1300,100,1
1301,100,1
1302,100,0
1303,100,0
1304,100,1
1305,100,0
1306,100,1
1307,100,1
1308,100,0
1309,100,1
1310,100,1
1311,100,1
1312,100,1
1313,100,1
1314,100,2
1315,100,1
1316,100,1
1317,100,1
1318,100,2
1319,100,1
1320,100,1
1321,100,0
1322,100,0
1323,100,0
1324,100,0
1325,100,2
1326,100,1
1327,100,1
1328,100,0
489,101,0
1298,101,1
1299,101,1
1300,101,0
1301,101,0
1302,101,0
1303,101,0
1304,101,1
1305,101,1
1306,101,0
1307,101,1
1308,101,0
1309,101,0
1310,101,1
1311,101,1
1312,101,0
1313,101,0
1314,101,1
1315,101,0
1316,101,0
1317,101,0
1318,101,1
1319,101,1
1320,101,0
1321,101,0
1322,101,2
1323,101,0
1324,101,1
1325,101,1
1326,101,1
1327,101,0
1328,101,0
817,102,0
1161,102,2
1329,102,1
1330,102,1
1331,102,1
1332,102,1
1333,102,1
1334,102,1
1335,102,0
1335,102,0
1336,102,1
1337,102,1
1338,102,1
1339,102,1
1340,102,1
1341,102,1
1342,102,1
1343,102,1
1344,102,1
1345,102,1
1346,102,1
1347,102,1
1348,102,1
1349,102,1
1350,102,1
1351,102,1
1352,102,1
1353,102,1
1354,102,1
1355,102,1
1356,102,1
71,103,6
817,103,0
1329,103,3
1330,103,3
1331,103,4
1332,103,5
1333,103,2
1334,103,4
1335,103,1
1336,103,5
1337,103,4
1338,103,4
1339,103,4
1340,103,3
1341,103,2
1342,103,9
1343,103,5
1344,103,6
1345,103,2
1346,103,2
1347,103,3
1348,103,5
1349,103,2
1350,103,4
1351,103,3
1352,103,3
1353,103,9
1354,103,4
1355,103,2
1356,103,6
61,104,2
817,104,0
1329,104,2
1330,104,2
1331,104,3
1332,104,2
1333,104,2
1334,104,2
1335,104,0
1336,104,2
1337,104,2
1338,104,2
1339,104,2
1340,104,0
1341,104,1
1342,104,5
1343,104,1
1344,104,3
1345,104,2
1346,104,1
1347,104,2
1348,104,1
1349,104,1
1350,104,2
1351,104,1
1352,104,1
1353,104,3
1354,104,2
1355,104,1
1356,104,4
492,105,0
817,105,0
1329,105,0
1330,105,0
1331,105,0
1332,105,0
1333,105,0
1334,105,0
1335,105,0
1336,105,0
1337,105,0
1338,105,0
1339,105,0
1340,105,1
1341,105,0
1342,105,0
1343,105,0
1344,105,0
1345,105,0
1346,105,0
1347,105,0
1348,105,0
1349,105,0
1350,105,1
1351,105,0
1352,105,0
1353,105,1
1354,105,0
1355,105,0
1356,105,1
490,106,0
817,106,0
1329,106,0
1330,106,0
1331,106,0
1332,106,0
1333,106,0
1334,106,0
1335,106,0
1336,106,0
1337,106,0
1338,106,0
1339,106,0
1340,106,0
1341,106,0
1342,106,0
1343,106,0
1344,106,1
1345,106,0
1346,106,0
1347,106,1
1348,106,0
1349,106,0
1350,106,0
1351,106,1
1352,106,0
1353,106,0
1354,106,0
1355,106,0
1356,106,1
62,107,0
68,107,0
879,107,3
942,107,0
1112,107,0
1113,107,0
1114,107,0
1116,107,1
1135,107,1
1147,107,0
1363,107,0
1364,107,0
1365,107,0
1366,107,1
1367,107,0
1368,107,0
1369,107,0
1370,107,1
1371,107,1
1372,107,1
1373,107,1
1374,107,2
1375,107,2
1376,107,2
1377,107,1
1378,107,2
1379,107,1
1380,107,0
1381,107,1
1382,107,3
1383,107,1
1384,107,1
1385,107,1
1386,107,2
1387,107,0
1388,107,0
1389,107,2
61,110,0
71,110,3
197,110,0
198,110,1
199,110,1
200,110,5
201,110,2
202,110,2
203,110,3
204,110,4
205,110,1
206,110,1
207,110,3
208,110,1
209,110,2
210,110,2
211,110,7
212,110,1
213,110,2
214,110,2
215,110,1
216,110,1
217,110,2
218,110,0
219,110,0
220,110,0
221,110,3
222,110,3
223,110,2
224,110,1
225,110,1
226,110,3
227,110,2
228,110,2
229,110,1
230,110,1
231,110,0
232,110,5
233,110,1
234,110,1
235,110,1
236,110,0
237,110,0
238,110,2
239,110,1
61,111,0
69,111,4
197,111,1
198,111,1
199,111,1
200,111,5
201,111,5
202,111,1
203,111,5
204,111,3
205,111,0
206,111,3
207,111,3
208,111,1
209,111,3
210,111,3
211,111,10
212,111,3
213,111,2
214,111,2
215,111,2
216,111,2
217,111,2
218,111,2
219,111,1
220,111,0
221,111,1
222,111,2
223,111,2
224,111,3
225,111,2
226,111,1
227,111,0
228,111,3
229,111,1
230,111,5
231,111,1
232,111,3
233,111,2
234,111,3
235,111,0
236,111,3
237,111,2
238,111,2
239,111,2
1415,111,1
61,112,0
69,112,2
197,112,3
198,112,1
199,112,0
200,112,3
201,112,3
202,112,6
203,112,4
204,112,5
205,112,1
206,112,3
207,112,1
208,112,2
209,112,3
210,112,2
211,112,5
212,112,3
213,112,4
214,112,2
215,112,2
216,112,1
217,112,1
218,112,2
219,112,1
220,112,0
221,112,2
222,112,2
223,112,2
224,112,0
225,112,2
226,112,5
227,112,3
228,112,2
229,112,2
230,112,4
231,112,1
232,112,6
233,112,5
234,112,2
235,112,4
236,112,3
237,112,3
238,112,5
239,112,0
61,113,0
197,113,0
198,113,1
199,113,1
200,113,3
201,113,1
202,113,1
203,113,3
204,113,2
205,113,1
206,113,1
207,113,1
208,113,0
209,113,2
210,113,2
211,113,2
212,113,1
213,113,1
214,113,1
215,113,0
216,113,1
217,113,1
218,113,1
219,113,1
220,113,0
221,113,2
222,113,0
223,113,0
224,113,1
225,113,1
226,113,2
227,113,2
228,113,1
229,113,1
230,113,2
231,113,1
232,113,2
233,113,3
234,113,2
235,113,2
236,113,1
237,113,1
238,113,2
239,113,2
1394,113,1
61,114,0
197,114,0
198,114,0
199,114,0
200,114,1
201,114,0
202,114,0
203,114,1
204,114,0
205,114,0
206,114,0
207,114,1
208,114,0
209,114,0
210,114,0
211,114,0
212,114,0
213,114,0
214,114,0
215,114,0
216,114,0
217,114,0
218,114,0
219,114,0
220,114,0
221,114,0
222,114,0
223,114,0
224,114,0
225,114,0
226,114,0
227,114,0
228,114,1
229,114,0
230,114,0
231,114,0
232,114,0
233,114,0
234,114,1
235,114,0
236,114,0
237,114,0
238,114,0
239,114,0
1392,114,1
65,115,0
71,115,3
72,115,2
73,115,1
74,115,1
75,115,1
76,115,1
77,115,1
78,115,3
79,115,3
80,115,2
81,115,2
82,115,3
83,115,3
84,115,1
85,115,2
86,115,2
87,115,2
88,115,0
89,115,2
90,115,2
91,115,2
92,115,2
93,115,3
94,115,1
95,115,3
96,115,1
97,115,0
98,115,2
99,115,3
100,115,1
101,115,1
102,115,2
103,115,2
104,115,2
105,115,1
106,115,1
107,115,4
108,115,3
109,115,3
110,115,2
111,115,0
112,115,2
113,115,3
1250,115,0
1263,115,0
1280,115,0
1295,115,0
1297,115,0
65,116,0
69,116,2
72,116,3
73,116,2
74,116,1
75,116,1
76,116,3
77,116,2
78,116,2
79,116,2
80,116,3
81,116,3
82,116,3
83,116,6
84,116,1
85,116,4
86,116,1
87,116,1
88,116,1
89,116,2
90,116,1
91,116,0
92,116,4
93,116,2
94,116,2
95,116,3
96,116,5
97,116,4
98,116,2
99,116,3
100,116,2
101,116,2
102,116,1
103,116,1
104,116,2
105,116,2
106,116,5
107,116,5
108,116,2
109,116,4
110,116,2
111,116,2
112,116,2
113,116,2
65,117,0
68,117,0
69,117,1
72,117,0
73,117,0
74,117,0
75,117,1
76,117,0
77,117,0
78,117,1
79,117,0
80,117,0
81,117,1
82,117,0
83,117,0
84,117,1
85,117,0
86,117,0
87,117,0
88,117,0
89,117,0
90,117,0
91,117,0
92,117,0
93,117,0
94,117,0
95,117,0
96,117,0
97,117,0
98,117,0
99,117,0
100,117,0
101,117,0
102,117,1
103,117,0
104,117,0
105,117,0
106,117,0
107,117,1
108,117,0
109,117,0
110,117,0
111,117,0
112,117,0
113,117,0
1415,117,0
61,118,0
72,118,3
73,118,1
74,118,2
75,118,1
76,118,1
77,118,1
78,118,2
79,118,1
80,118,1
81,118,3
82,118,1
83,118,3
84,118,0
85,118,2
86,118,3
87,118,2
88,118,0
89,118,0
90,118,0
91,118,0
92,118,0
93,118,2
94,118,3
95,118,2
96,118,1
97,118,3
98,118,0
99,118,3
100,118,1
101,118,1
102,118,0
103,118,2
104,118,2
105,118,0
106,118,1
107,118,2
108,118,0
109,118,2
110,118,1
111,118,1
112,118,3
113,118,1
1394,118,1
65,119,0
72,119,0
73,119,0
74,119,0
75,119,0
76,119,0
77,119,0
78,119,0
79,119,0
80,119,0
81,119,0
82,119,0
83,119,0
84,119,0
85,119,0
86,119,1
87,119,0
88,119,0
89,119,0
90,119,0
91,119,0
92,119,0
93,119,0
94,119,0
95,119,0
96,119,0
97,119,0
98,119,0
99,119,0
100,119,0
101,119,0
102,119,0
103,119,0
104,119,0
105,119,0
106,119,0
107,119,0
108,119,0
109,119,0
110,119,0
111,119,0
112,119,0
113,119,0
1392,119,0
62,120,0
64,120,0
114,120,0
115,120,0
116,120,0
117,120,0
118,120,0
119,120,0
120,120,0
121,120,0
122,120,0
123,120,0
124,120,0
125,120,0
126,120,0
127,120,0
128,120,0
129,120,0
130,120,0
131,120,0
132,120,0
133,120,0
135,120,0
136,120,0
137,120,0
138,120,0
139,120,0
140,120,1
141,120,0
142,120,0
143,120,0
144,120,0
145,120,0
146,120,0
147,120,0
148,120,0
149,120,1
151,120,0
152,120,0
153,120,0
154,120,0
3,121,1
62,121,0
69,121,1
114,121,4
115,121,4
116,121,3
117,121,2
118,121,3
119,121,5
120,121,3
121,121,3
122,121,3
123,121,5
124,121,2
125,121,3
126,121,6
127,121,2
128,121,0
129,121,1
130,121,4
131,121,5
132,121,3
133,121,4
135,121,7
136,121,3
137,121,4
138,121,3
139,121,4
140,121,4
141,121,4
142,121,3
143,121,2
144,121,3
145,121,4
146,121,4
147,121,2
148,121,1
149,121,5
151,121,4
152,121,4
153,121,0
154,121,5
62,122,0
71,122,3
114,122,2
115,122,2
116,122,1
117,122,1
118,122,2
119,122,2
120,122,2
121,122,3
122,122,3
123,122,2
124,122,0
125,122,2
126,122,1
127,122,1
128,122,0
129,122,2
130,122,2
131,122,0
132,122,0
133,122,2
135,122,2
136,122,1
137,122,2
138,122,1
139,122,2
140,122,3
141,122,4
142,122,1
143,122,1
144,122,1
145,122,2
146,122,2
147,122,1
148,122,2
149,122,4
151,122,2
152,122,1
153,122,0
154,122,2
62,123,0
67,123,2
69,123,0
114,123,2
115,123,2
116,123,1
117,123,2
118,123,6
119,123,3
120,123,2
121,123,2
122,123,5
123,123,3
124,123,2
125,123,1
126,123,3
127,123,2
128,123,0
129,123,0
130,123,2
131,123,3
132,123,1
133,123,3
135,123,4
136,123,4
137,123,4
138,123,0
139,123,4
140,123,3
141,123,1
142,123,1
143,123,2
144,123,2
145,123,2
146,123,1
147,123,2
148,123,3
149,123,5
151,123,4
152,123,2
153,123,0
154,123,2
62,124,0
69,124,1
114,124,0
115,124,0
116,124,0
117,124,0
118,124,0
119,124,1
120,124,1
121,124,2
122,124,1
123,124,0
124,124,1
125,124,0
126,124,0
127,124,0
128,124,0
129,124,0
130,124,0
131,124,0
132,124,0
133,124,0
135,124,1
136,124,0
137,124,0
138,124,1
139,124,0
140,124,1
141,124,0
142,124,0
143,124,1
144,124,0
145,124,0
146,124,0
147,124,1
148,124,0
149,124,1
151,124,0
152,124,0
153,124,0
154,124,0
817,124,1
62,125,0
67,125,1
114,125,4
115,125,1
116,125,3
117,125,0
118,125,5
119,125,2
120,125,3
121,125,1
122,125,3
123,125,2
124,125,3
125,125,1
126,125,3
127,125,2
128,125,0
129,125,1
130,125,3
131,125,2
132,125,2
133,125,3
135,125,2
136,125,2
137,125,2
138,125,0
139,125,2
140,125,5
141,125,1
142,125,1
143,125,2
144,125,1
145,125,4
146,125,2
147,125,0
148,125,3
149,125,2
151,125,3
152,125,1
153,125,0
154,125,2
64,126,0
66,126,0
155,126,0
156,126,0
157,126,0
158,126,0
159,126,0
160,126,0
161,126,0
162,126,0
163,126,0
164,126,0
165,126,1
166,126,1
167,126,0
168,126,0
169,126,0
170,126,0
171,126,0
172,126,0
173,126,1
174,126,0
175,126,0
176,126,0
177,126,0
178,126,0
179,126,0
180,126,0
181,126,0
182,126,0
183,126,0
184,126,0
185,126,0
186,126,0
187,126,0
188,126,0
189,126,0
190,126,0
191,126,0
192,126,0
193,126,1
4,127,6
66,127,0
69,127,0
155,127,3
156,127,4
157,127,0
158,127,4
159,127,3
160,127,1
161,127,5
162,127,0
163,127,4
164,127,3
165,127,3
166,127,2
167,127,4
168,127,4
169,127,5
170,127,3
171,127,0
172,127,0
173,127,4
174,127,3
175,127,3
176,127,4
177,127,4
178,127,4
179,127,0
180,127,4
181,127,4
182,127,4
183,127,0
184,127,2
185,127,3
186,127,3
187,127,0
188,127,3
189,127,0
190,127,3
191,127,2
192,127,4
193,127,3
66,128,0
71,128,3
155,128,3
156,128,0
157,128,0
158,128,3
159,128,1
160,128,0
161,128,2
162,128,0
163,128,1
164,128,1
165,128,5
166,128,1
167,128,2
168,128,0
169,128,4
170,128,2
171,128,0
172,128,0
173,128,4
174,128,1
175,128,2
176,128,2
177,128,2
178,128,0
179,128,0
180,128,1
181,128,2
182,128,1
183,128,0
184,128,4
185,128,1
186,128,3
187,128,0
188,128,0
189,128,0
190,128,2
191,128,1
192,128,2
193,128,1
66,129,0
67,129,2
69,129,0
155,129,4
156,129,2
157,129,0
158,129,1
159,129,3
160,129,0
161,129,2
162,129,0
163,129,5
164,129,2
165,129,3
166,129,2
167,129,1
168,129,3
169,129,3
170,129,2
171,129,0
172,129,0
173,129,4
174,129,0
175,129,2
176,129,3
177,129,4
178,129,0
179,129,0
180,129,3
181,129,4
182,129,3
183,129,0
184,129,3
185,129,3
186,129,3
187,129,0
188,129,1
189,129,0
190,129,1
191,129,2
192,129,5
193,129,3
62,130,0
66,130,0
69,130,0
155,130,1
156,130,1
157,130,0
158,130,1
159,130,0
160,130,0
161,130,0
162,130,0
163,130,1
164,130,1
165,130,2
166,130,1
167,130,1
168,130,1
169,130,1
170,130,2
171,130,0
172,130,0
173,130,1
174,130,0
175,130,1
176,130,1
177,130,2
178,130,1
179,130,0
180,130,2
181,130,1
182,130,0
183,130,0
184,130,2
185,130,2
186,130,1
187,130,0
188,130,2
189,130,0
190,130,2
191,130,1
192,130,2
193,130,2
817,130,2
66,131,0
67,131,2
155,131,2
156,131,1
157,131,0
158,131,3
159,131,2
160,131,0
161,131,1
162,131,0
163,131,3
164,131,3
165,131,3
166,131,5
167,131,2
168,131,4
169,131,2
170,131,4
171,131,0
172,131,0
173,131,1
174,131,1
175,131,3
176,131,2
177,131,4
178,131,0
179,131,0
180,131,3
181,131,3
182,131,4
183,131,0
184,131,2
185,131,2
186,131,3
187,131,0
188,131,0
189,131,0
190,131,2
191,131,1
192,131,5
193,131,4
1415,131,2
61,132,0
65,132,0
74,132,2
75,132,1
77,132,1
82,132,1
83,132,1
85,132,1
86,132,1
87,132,1
92,132,1
94,132,1
97,132,1
98,132,1
100,132,1
101,132,1
107,132,1
109,132,1
111,132,1
113,132,1
197,132,1
199,132,1
203,132,1
207,132,1
208,132,1
211,132,1
214,132,1
217,132,1
222,132,1
225,132,2
228,132,2
231,132,0
234,132,1
236,132,1
238,132,1
239,132,1
1391,132,1
61,133,0
65,133,0
76,133,0
78,133,1
79,133,0
80,133,0
81,133,0
84,133,0
88,133,0
89,133,0
90,133,0
91,133,0
93,133,0
95,133,0
96,133,0
99,133,0
102,133,0
103,133,0
104,133,0
105,133,0
106,133,0
108,133,0
110,133,0
112,133,0
198,133,0
200,133,0
201,133,0
202,133,0
204,133,0
205,133,0
206,133,0
209,133,0
210,133,0
212,133,0
213,133,0
215,133,0
216,133,0
218,133,0
219,133,0
221,133,0
223,133,0
224,133,0
226,133,0
227,133,0
229,133,0
230,133,0
232,133,0
233,133,0
235,133,0
237,133,0
1393,133,0
62,134,1
68,134,0
942,134,0
1112,134,1
1113,134,0
1114,134,0
1417,134,1
1418,134,1
1419,134,1
1420,134,2
1421,134,3
1422,134,2
1423,134,1
1424,134,2
1425,134,1
1426,134,1
1427,134,1
1428,134,0
1429,134,0
1430,134,1
1431,134,2
1432,134,1
1433,134,2
1434,134,1
1435,134,1
1436,134,2
1437,134,1
1438,134,1
1439,134,1
1440,134,1
1441,134,3
1442,134,2
1443,134,1
1444,134,1
1445,134,1
69,135,0
196,135,0
1162,135,0
1163,135,0
1164,135,0
1165,135,0
1166,135,0
1167,135,0
1168,135,0
1169,135,0
1170,135,1
1171,135,0
1172,135,0
1173,135,0
1174,135,0
1175,135,0
1176,135,0
1177,135,0
1178,135,0
1179,135,0
1180,135,0
1181,135,0
1182,135,0
1183,135,1
1184,135,0
1185,135,0
1186,135,0
1187,135,0
1188,135,0
1189,135,0
1190,135,2
1191,135,0
1192,135,0
1193,135,0
1194,135,0
1195,135,1
1196,135,0
1197,135,0
5,136,0
69,136,0
1162,136,1
1163,136,2
1164,136,1
1165,136,1
1166,136,1
1167,136,2
1168,136,1
1169,136,2
1170,136,2
1171,136,1
1172,136,0
1173,136,1
1174,136,2
1175,136,1
1176,136,0
1177,136,0
1178,136,2
1179,136,1
1180,136,0
1181,136,2
1182,136,0
1183,136,2
1184,136,1
1185,136,1
1186,136,2
1187,136,0
1188,136,0
1189,136,1
1190,136,2
1191,136,2
1192,136,1
1193,136,1
1194,136,1
1195,136,3
1196,136,2
1197,136,0
69,137,0
70,137,0
1162,137,0
1163,137,0
1164,137,0
1165,137,0
1166,137,0
1167,137,0
1168,137,1
1169,137,0
1170,137,0
1171,137,0
1172,137,0
1173,137,0
1174,137,0
1175,137,0
1176,137,0
1177,137,0
1178,137,0
1179,137,1
1180,137,0
1181,137,0
1182,137,0
1183,137,0
1184,137,0
1185,137,0
1186,137,0
1187,137,0
1188,137,0
1189,137,0
1190,137,1
1191,137,0
1192,137,0
1193,137,0
1194,137,0
1195,137,0
1196,137,0
1197,137,0
65,138,0
69,138,0
1162,138,1
1163,138,0
1164,138,1
1165,138,2
1166,138,0
1167,138,1
1168,138,0
1169,138,1
1170,138,0
1171,138,0
1172,138,1
1173,138,2
1174,138,1
1175,138,1
1176,138,1
1177,138,0
1178,138,2
1179,138,3
1180,138,0
1181,138,0
1182,138,0
1183,138,2
1184,138,0
1185,138,1
1186,138,0
1187,138,1
1188,138,0
1189,138,1
1190,138,4
1191,138,1
1192,138,1
1193,138,1
1194,138,2
1195,138,2
1196,138,2
1197,138,1
68,139,0
69,139,0
1162,139,0
1163,139,0
1164,139,0
1165,139,0
1166,139,0
1167,139,1
1168,139,0
1169,139,0
1170,139,1
1171,139,0
1172,139,1
1173,139,0
1174,139,0
1175,139,1
1176,139,0
1177,139,0
1178,139,0
1179,139,0
1180,139,0
1181,139,0
1182,139,0
1183,139,1
1184,139,0
1185,139,0
1186,139,0
1187,139,0
1188,139,0
1189,139,0
1190,139,1
1191,139,0
1192,139,0
1193,139,0
1194,139,0
1195,139,1
1196,139,0
1197,139,0
68,140,0
329,140,0
1198,140,0
1199,140,0
1200,140,0
1201,140,0
1202,140,0
1203,140,0
1204,140,0
1205,140,0
1206,140,1
1207,140,0
1208,140,0
1209,140,0
1210,140,0
1211,140,0
1212,140,0
1213,140,0
1214,140,0
1215,140,0
1216,140,0
1217,140,0
1218,140,0
1219,140,0
1220,140,0
1221,140,0
1222,140,0
1223,140,0
1224,140,0
1225,140,0
1226,140,0
1227,140,0
1228,140,0
1229,140,0
1230,140,1
1231,140,0
1232,140,0
1233,140,0
5,141,0
68,141,0
98,141,1
1198,141,1
1199,141,2
1200,141,1
1201,141,2
1202,141,2
1203,141,1
1204,141,1
1205,141,2
1206,141,0
1207,141,0
1208,141,1
1209,141,1
1210,141,1
1211,141,0
1212,141,3
1213,141,1
1214,141,2
1215,141,2
1216,141,1
1217,141,2
1218,141,3
1219,141,0
1220,141,0
1221,141,2
1222,141,1
1223,141,0
1224,141,2
1225,141,4
1226,141,2
1227,141,0
1228,141,1
1229,141,0
1230,141,2
1231,141,1
1232,141,0
1233,141,1
61,142,2
68,142,0
1198,142,1
1199,142,2
1200,142,1
1201,142,3
1202,142,1
1203,142,3
1204,142,3
1205,142,2
1206,142,2
1207,142,0
1208,142,1
1209,142,2
1210,142,3
1211,142,2
1212,142,9
1213,142,2
1214,142,2
1215,142,4
1216,142,2
1217,142,3
1218,142,2
1219,142,4
1220,142,3
1221,142,1
1222,142,1
1223,142,2
1224,142,3
1225,142,4
1226,142,5
1227,142,2
1228,142,4
1229,142,0
1230,142,1
1231,142,1
1232,142,2
1233,142,4
65,143,0
68,143,0
1198,143,0
1199,143,0
1200,143,0
1201,143,2
1202,143,0
1203,143,0
1204,143,1
1205,143,1
1206,143,0
1207,143,0
1208,143,0
1209,143,1
1210,143,1
1211,143,1
1212,143,4
1213,143,2
1214,143,1
1215,143,3
1216,143,0
1217,143,1
1218,143,1
1219,143,1
1220,143,1
1221,143,1
1222,143,1
1223,143,1
1224,143,1
1225,143,3
1226,143,1
1227,143,0
1228,143,1
1229,143,0
1230,143,1
1231,143,0
1232,143,0
1233,143,1
68,144,0
1198,144,0
1199,144,0
1200,144,0
1201,144,1
1202,144,0
1203,144,0
1204,144,0
1205,144,0
1206,144,0
1207,144,0
1208,144,1
1209,144,1
1210,144,0
1211,144,0
1212,144,0
1213,144,1
1214,144,0
1215,144,0
1216,144,0
1217,144,0
1218,144,0
1219,144,0
1220,144,0
1221,144,0
1222,144,0
1223,144,0
1224,144,0
1225,144,2
1226,144,0
1227,144,1
1228,144,0
1229,144,0
1230,144,0
1231,144,1
1232,144,0
1233,144,0
58,145,0
196,145,0
1234,145,0
1235,145,0
1236,145,0
1237,145,0
1238,145,1
1239,145,1
1240,145,0
1241,145,1
1242,145,0
1243,145,0
1244,145,0
1245,145,0
1246,145,1
1247,145,0
1248,145,0
1249,145,0
1250,145,0
1251,145,0
1252,145,0
1253,145,0
1254,145,2
1255,145,0
1256,145,1
1257,145,1
1258,145,0
1259,145,0
1260,145,0
1261,145,0
1262,145,1
1263,145,1
1264,145,0
1265,145,0
5,146,0
58,146,0
1234,146,1
1235,146,2
1236,146,3
1237,146,1
1238,146,4
1239,146,0
1240,146,0
1241,146,1
1242,146,2
1243,146,1
1244,146,0
1245,146,0
1246,146,2
1247,146,2
1248,146,0
1249,146,0
1250,146,1
1251,146,0
1252,146,1
1253,146,2
1254,146,4
1255,146,1
1256,146,1
1257,146,0
1258,146,0
1259,146,1
1260,146,1
1261,146,0
1262,146,2
1263,146,2
1264,146,0
1265,146,0
58,147,0
63,147,1
285,147,3
1234,147,1
1235,147,1
1236,147,3
1237,147,1
1238,147,3
1239,147,2
1240,147,2
1241,147,3
1242,147,1
1243,147,1
1244,147,2
1245,147,0
1246,147,3
1247,147,3
1248,147,1
1249,147,2
1250,147,1
1251,147,2
1252,147,1
1253,147,1
1254,147,5
1255,147,4
1256,147,4
1257,147,3
1258,147,1
1259,147,2
1260,147,2
1261,147,1
1262,147,1
1263,147,4
1264,147,2
1265,147,1
58,148,0
65,148,0
205,148,1
206,148,1
207,148,1
218,148,0
221,148,1
224,148,0
225,148,1
228,148,0
233,148,0
234,148,0
236,148,0
237,148,0
239,148,0
1234,148,0
1235,148,0
1236,148,1
1237,148,0
1238,148,7
1239,148,0
1240,148,1
1241,148,1
1242,148,2
1243,148,0
1244,148,1
1245,148,0
1246,148,2
1247,148,0
1248,148,2
1249,148,1
1250,148,1
1251,148,1
1252,148,1
1253,148,0
1254,148,2
1255,148,0
1256,148,3
1257,148,1
1258,148,1
1259,148,0
1260,148,2
1261,148,0
1262,148,2
1263,148,0
1264,148,0
1265,148,1
4,149,2
58,149,0
1234,149,1
1235,149,1
1236,149,1
1237,149,1
1238,149,3
1239,149,1
1240,149,1
1241,149,1
1242,149,1
1243,149,1
1244,149,1
1245,149,0
1246,149,1
1247,149,1
1248,149,1
1249,149,1
1250,149,1
1251,149,1
1252,149,1
1253,149,1
1254,149,1
1255,149,1
1256,149,1
1257,149,1
1258,149,1
1259,149,1
1260,149,1
1261,149,1
1262,149,1
1263,149,1
1264,149,1
1265,149,1
4,150,0
662,150,0
1266,150,0
1267,150,0
1268,150,0
1269,150,0
1270,150,0
1271,150,0
1272,150,0
1273,150,0
1274,150,0
1275,150,0
1276,150,0
1277,150,0
1278,150,0
1279,150,0
1280,150,0
1281,150,0
1282,150,0
1283,150,0
1284,150,0
1285,150,0
1286,150,0
1287,150,0
1288,150,0
1289,150,0
1290,150,0
1291,150,0
1292,150,0
1293,150,0
1294,150,1
1295,150,0
1296,150,0
1297,150,0
4,151,0
1266,151,0
1267,151,0
1268,151,0
1269,151,1
1270,151,0
1271,151,0
1272,151,0
1273,151,0
1274,151,0
1275,151,0
1276,151,0
1277,151,0
1278,151,0
1279,151,0
1280,151,0
1281,151,0
1282,151,0
1283,151,0
1284,151,1
1285,151,0
1286,151,0
1287,151,0
1288,151,0
1289,151,0
1290,151,0
1291,151,0
1292,151,0
1293,151,1
1294,151,1
1295,151,0
1296,151,0
1297,151,0
4,152,0
5,152,0
1266,152,0
1267,152,0
1268,152,0
1269,152,2
1270,152,1
1271,152,0
1272,152,1
1273,152,0
1274,152,0
1275,152,0
1276,152,1
1277,152,0
1278,152,2
1279,152,1
1280,152,1
1281,152,0
1282,152,0
1283,152,1
1284,152,1
1285,152,1
1286,152,1
1287,152,0
1288,152,0
1289,152,1
1290,152,0
1291,152,0
1292,152,0
1293,152,0
1294,152,0
1295,152,1
1296,152,0
1297,152,0
4,153,3
1266,153,1
1267,153,2
1268,153,1
1269,153,1
1270,153,1
1271,153,1
1272,153,1
1273,153,1
1274,153,0
1275,153,1
1276,153,1
1277,153,4
1278,153,1
1279,153,1
1280,153,1
1281,153,1
1282,153,1
1283,153,1
1284,153,1
1285,153,1
1286,153,1
1287,153,1
1288,153,1
1289,153,1
1290,153,0
1291,153,1
1292,153,1
1293,153,1
1294,153,1
1295,153,1
1296,153,1
1297,153,1
4,154,0
61,154,1
63,154,0
64,154,1
70,154,0
285,154,6
1266,154,3
1267,154,3
1268,154,3
1269,154,4
1270,154,2
1271,154,3
1272,154,0
1273,154,1
1274,154,0
1275,154,1
1276,154,2
1277,154,2
1278,154,1
1279,154,6
1280,154,0
1281,154,3
1282,154,1
1283,154,2
1284,154,2
1285,154,2
1286,154,2
1287,154,1
1288,154,4
1289,154,0
1290,154,0
1291,154,0
1292,154,2
1293,154,1
1294,154,3
1295,154,2
1296,154,2
1297,154,2
1413,154,1
3,155,0
196,155,0
1298,155,0
1299,155,0
1300,155,0
1301,155,0
1302,155,0
1303,155,0
1304,155,1
1305,155,0
1306,155,0
1307,155,1
1308,155,0
1309,155,0
1310,155,0
1311,155,0
1312,155,0
1313,155,0
1314,155,0
1315,155,0
1316,155,0
1317,155,0
1318,155,0
1319,155,0
1320,155,0
1321,155,0
1322,155,1
1323,155,0
1324,155,0
1325,155,0
1326,155,0
1327,155,0
1328,155,0
3,156,0
194,156,0
1298,156,0
1299,156,0
1300,156,0
1301,156,0
1302,156,0
1303,156,0
1304,156,0
1305,156,0
1306,156,0
1307,156,1
1308,156,0
1309,156,0
1310,156,1
1311,156,0
1312,156,0
1313,156,0
1314,156,0
1315,156,0
1316,156,0
1317,156,0
1318,156,0
1319,156,0
1320,156,0
1321,156,0
1322,156,2
1323,156,1
1324,156,0
1325,156,0
1326,156,0
1327,156,0
1328,156,0
3,157,0
5,157,0
1298,157,0
1299,157,1
1300,157,1
1301,157,1
1302,157,1
1303,157,0
1304,157,1
1305,157,2
1306,157,2
1307,157,2
1308,157,0
1309,157,1
1310,157,3
1311,157,1
1312,157,1
1313,157,0
1314,157,1
1315,157,1
1316,157,0
1317,157,1
1318,157,0
1319,157,1
1320,157,1
1321,157,0
1322,157,2
1323,157,1
1324,157,0
1325,157,0
1326,157,0
1327,157,0
1328,157,0
3,158,0
1298,158,3
1299,158,3
1300,158,3
1301,158,3
1302,158,2
1303,158,1
1304,158,4
1305,158,3
1306,158,2
1307,158,3
1308,158,1
1309,158,2
1310,158,3
1311,158,3
1312,158,3
1313,158,2
1314,158,2
1315,158,3
1316,158,3
1317,158,2
1318,158,2
1319,158,3
1320,158,1
1321,158,3
1322,158,4
1323,158,2
1324,158,3
1325,158,3
1326,158,1
1327,158,4
1328,158,3
3,159,0
64,159,3
226,159,1
1298,159,3
1299,159,2
1300,159,1
1301,159,3
1302,159,2
1303,159,2
1304,159,2
1305,159,1
1306,159,1
1307,159,4
1308,159,2
1309,159,1
1310,159,2
1311,159,1
1312,159,1
1313,159,1
1314,159,1
1315,159,5
1316,159,1
1317,159,1
1318,159,1
1319,159,4
1320,159,1
1321,159,4
1322,159,4
1323,159,4
1324,159,2
1325,159,2
1326,159,1
1327,159,1
1328,159,3
329,160,0
817,160,0
1329,160,0
1330,160,0
1331,160,0
1332,160,0
1333,160,0
1334,160,0
1335,160,0
1336,160,0
1337,160,0
1338,160,0
1339,160,0
1340,160,0
1341,160,0
1342,160,0
1343,160,0
1344,160,0
1345,160,0
1346,160,0
1347,160,2
1348,160,0
1349,160,0
1350,160,0
1351,160,0
1352,160,0
1353,160,0
1354,160,0
1355,160,0
1356,160,0
817,161,0
1329,161,0
1330,161,1
1331,161,0
1332,161,0
1333,161,0
1334,161,0
1335,161,0
1336,161,0
1337,161,0
1338,161,0
1339,161,0
1340,161,0
1341,161,0
1342,161,1
1343,161,1
1344,161,1
1345,161,1
1346,161,0
1347,161,0
1348,161,0
1349,161,0
1350,161,0
1351,161,0
1352,161,0
1353,161,0
1354,161,1
1355,161,0
1356,161,0
5,162,0
817,162,0
1329,162,0
1330,162,2
1331,162,1
1332,162,0
1333,162,0
1334,162,1
1335,162,0
1336,162,0
1337,162,1
1338,162,1
1339,162,1
1340,162,0
1341,162,2
1342,162,2
1343,162,0
1344,162,2
1345,162,1
1346,162,1
1347,162,1
1348,162,1
1349,162,1
1350,162,1
1351,162,1
1352,162,0
1353,162,0
1354,162,1
1355,162,0
1356,162,1
68,163,0
817,163,0
1329,163,0
1330,163,1
1331,163,1
1332,163,0
1333,163,0
1334,163,0
1335,163,0
1336,163,0
1337,163,1
1338,163,1
1339,163,1
1340,163,0
1341,163,1
1342,163,0
1343,163,0
1344,163,0
1345,163,1
1346,163,1
1347,163,1
1348,163,1
1349,163,0
1350,163,1
1351,163,1
1352,163,1
1353,163,0
1354,163,0
1355,163,0
1356,163,0
64,164,2
226,164,0
817,164,0
1329,164,2
1330,164,2
1331,164,2
1332,164,1
1333,164,3
1334,164,1
1335,164,1
1336,164,1
1337,164,2
1338,164,2
1339,164,2
1340,164,3
1341,164,2
1342,164,7
1343,164,1
1344,164,2
1345,164,2
1346,164,1
1347,164,3
1348,164,1
1349,164,1
1350,164,1
1351,164,1
1352,164,3
1353,164,0
1354,164,1
1355,164,1
1356,164,1
5,165,0
1447,165,0
1448,165,2
1449,165,0
1450,165,0
1451,165,0
1452,165,0
1453,165,1
1454,165,1
1455,165,1
1456,165,0
1457,165,0
1458,165,0
1459,165,0
