userid,courseid,total_attempts,unique_quizzes
5,5,0,0
45,5,0,0
46,5,0,0
47,5,0,0
48,5,0,0
49,5,0,0
50,5,0,0
51,5,0,0
52,5,0,0
53,5,0,0
54,5,0,0
55,5,0,0
56,5,0,0
57,5,0,0
285,5,0,0
196,10,0,0
197,10,0,0
198,10,0,0
199,10,0,0
200,10,0,0
201,10,0,0
202,10,0,0
203,10,0,0
204,10,0,0
205,10,0,0
206,10,0,0
207,10,0,0
208,10,0,0
209,10,0,0
210,10,0,0
211,10,0,0
212,10,0,0
213,10,0,0
214,10,0,0
215,10,0,0
216,10,0,0
217,10,0,0
218,10,0,0
219,10,0,0
220,10,0,0
221,10,0,0
222,10,0,0
223,10,0,0
224,10,0,0
225,10,0,0
226,10,0,0
227,10,0,0
228,10,0,0
229,10,0,0
230,10,0,0
231,10,0,0
232,10,0,0
233,10,0,0
234,10,0,0
235,10,0,0
236,10,0,0
237,10,0,0
238,10,0,0
239,10,0,0
5,11,0,0
61,11,0,0
197,11,0,0
198,11,0,0
199,11,0,0
200,11,0,0
201,11,0,0
202,11,0,0
203,11,0,0
204,11,0,0
205,11,0,0
206,11,0,0
207,11,0,0
208,11,0,0
209,11,0,0
210,11,0,0
211,11,0,0
212,11,0,0
213,11,0,0
214,11,0,0
215,11,0,0
216,11,0,0
217,11,0,0
218,11,0,0
219,11,0,0
220,11,0,0
221,11,0,0
222,11,0,0
223,11,0,0
224,11,0,0
225,11,0,0
226,11,0,0
227,11,0,0
228,11,0,0
229,11,0,0
230,11,0,0
231,11,0,0
232,11,0,0
233,11,0,0
234,11,0,0
235,11,0,0
236,11,0,0
237,11,0,0
238,11,0,0
239,11,0,0
285,11,0,0
195,12,0,0
197,12,0,0
198,12,0,0
199,12,0,0
200,12,0,0
201,12,0,0
202,12,0,0
203,12,0,0
204,12,0,0
205,12,0,0
206,12,0,0
207,12,0,0
208,12,0,0
209,12,0,0
210,12,0,0
211,12,0,0
212,12,0,0
213,12,0,0
214,12,0,0
215,12,0,0
216,12,0,0
217,12,0,0
218,12,0,0
219,12,0,0
220,12,0,0
221,12,0,0
222,12,0,0
223,12,0,0
224,12,0,0
225,12,0,0
226,12,0,0
227,12,0,0
228,12,0,0
229,12,0,0
230,12,0,0
231,12,0,0
232,12,0,0
233,12,0,0
234,12,0,0
235,12,0,0
236,12,0,0
237,12,0,0
238,12,0,0
239,12,0,0
70,13,0,0
197,13,0,0
198,13,0,0
199,13,0,0
200,13,0,0
201,13,0,0
202,13,0,0
203,13,0,0
204,13,0,0
205,13,0,0
206,13,0,0
207,13,0,0
208,13,0,0
209,13,0,0
210,13,0,0
211,13,0,0
212,13,0,0
213,13,0,0
214,13,0,0
215,13,0,0
216,13,0,0
217,13,0,0
218,13,0,0
219,13,0,0
220,13,0,0
221,13,0,0
222,13,0,0
223,13,0,0
224,13,0,0
225,13,0,0
226,13,0,0
227,13,0,0
228,13,0,0
229,13,0,0
230,13,0,0
231,13,0,0
232,13,0,0
233,13,0,0
234,13,0,0
235,13,0,0
236,13,0,0
237,13,0,0
238,13,0,0
239,13,0,0
68,14,0,0
197,14,0,0
198,14,0,0
199,14,0,0
200,14,0,0
201,14,0,0
202,14,0,0
203,14,0,0
204,14,0,0
205,14,0,0
206,14,0,0
207,14,0,0
208,14,0,0
209,14,0,0
210,14,0,0
211,14,0,0
212,14,0,0
213,14,0,0
214,14,0,0
215,14,0,0
216,14,0,0
217,14,0,0
218,14,0,0
219,14,0,0
220,14,0,0
221,14,0,0
222,14,0,0
223,14,0,0
224,14,0,0
225,14,0,0
226,14,0,0
227,14,0,0
228,14,0,0
229,14,0,0
230,14,0,0
231,14,0,0
232,14,0,0
233,14,0,0
234,14,0,0
235,14,0,0
236,14,0,0
237,14,0,0
238,14,0,0
239,14,0,0
65,16,0,0
72,16,0,0
73,16,0,0
74,16,0,0
75,16,0,0
76,16,0,0
77,16,0,0
78,16,0,0
79,16,0,0
80,16,0,0
81,16,0,0
82,16,0,0
83,16,0,0
84,16,0,0
85,16,0,0
86,16,0,0
87,16,0,0
88,16,0,0
89,16,0,0
90,16,0,0
91,16,0,0
92,16,0,0
93,16,0,0
94,16,0,0
95,16,0,0
96,16,0,0
97,16,0,0
98,16,0,0
99,16,0,0
100,16,0,0
101,16,0,0
102,16,0,0
103,16,0,0
104,16,0,0
105,16,0,0
106,16,0,0
107,16,0,0
108,16,0,0
109,16,0,0
110,16,0,0
111,16,0,0
112,16,0,0
113,16,0,0
196,16,0,0
5,17,0,0
61,17,0,0
65,17,0,0
72,17,0,0
73,17,0,0
74,17,0,0
75,17,0,0
76,17,0,0
77,17,0,0
78,17,0,0
79,17,0,0
80,17,0,0
81,17,0,0
82,17,0,0
83,17,0,0
84,17,0,0
85,17,0,0
86,17,0,0
87,17,0,0
88,17,0,0
89,17,0,0
90,17,0,0
91,17,0,0
92,17,0,0
93,17,0,0
94,17,0,0
95,17,0,0
96,17,0,0
97,17,0,0
98,17,0,0
99,17,0,0
100,17,0,0
101,17,0,0
102,17,0,0
103,17,0,0
104,17,0,0
105,17,0,0
106,17,0,0
107,17,0,0
108,17,0,0
109,17,0,0
110,17,0,0
111,17,0,0
112,17,0,0
113,17,0,0
285,17,0,0
62,18,0,0
65,18,0,0
72,18,0,0
73,18,0,0
74,18,0,0
75,18,0,0
76,18,0,0
77,18,0,0
78,18,0,0
79,18,0,0
80,18,0,0
81,18,0,0
82,18,0,0
83,18,0,0
84,18,0,0
85,18,0,0
86,18,0,0
87,18,0,0
88,18,0,0
89,18,0,0
90,18,0,0
91,18,0,0
92,18,0,0
93,18,0,0
94,18,0,0
95,18,0,0
96,18,0,0
97,18,0,0
98,18,0,0
99,18,0,0
100,18,0,0
101,18,0,0
102,18,0,0
103,18,0,0
104,18,0,0
105,18,0,0
106,18,0,0
107,18,0,0
108,18,0,0
109,18,0,0
110,18,0,0
111,18,0,0
112,18,0,0
113,18,0,0
65,19,0,0
70,19,0,0
72,19,0,0
73,19,0,0
74,19,0,0
75,19,0,0
76,19,0,0
77,19,0,0
78,19,0,0
79,19,0,0
80,19,0,0
81,19,0,0
82,19,0,0
83,19,0,0
84,19,0,0
85,19,0,0
86,19,0,0
87,19,0,0
88,19,0,0
89,19,0,0
90,19,0,0
91,19,0,0
92,19,0,0
93,19,0,0
94,19,0,0
95,19,0,0
96,19,0,0
97,19,0,0
98,19,0,0
99,19,0,0
100,19,0,0
101,19,0,0
102,19,0,0
103,19,0,0
104,19,0,0
105,19,0,0
106,19,0,0
107,19,0,0
108,19,0,0
109,19,0,0
110,19,0,0
111,19,0,0
112,19,0,0
113,19,0,0
65,20,0,0
68,20,0,0
72,20,0,0
73,20,0,0
74,20,0,0
75,20,0,0
76,20,0,0
77,20,0,0
78,20,0,0
79,20,0,0
80,20,0,0
81,20,0,0
82,20,0,0
83,20,0,0
84,20,0,0
85,20,0,0
86,20,0,0
87,20,0,0
88,20,0,0
89,20,0,0
90,20,0,0
91,20,0,0
92,20,0,0
93,20,0,0
94,20,0,0
95,20,0,0
96,20,0,0
97,20,0,0
98,20,0,0
99,20,0,0
100,20,0,0
101,20,0,0
102,20,0,0
103,20,0,0
104,20,0,0
105,20,0,0
106,20,0,0
107,20,0,0
108,20,0,0
109,20,0,0
110,20,0,0
111,20,0,0
112,20,0,0
113,20,0,0
114,22,0,0
115,22,0,0
116,22,0,0
117,22,0,0
118,22,0,0
119,22,0,0
120,22,0,0
121,22,0,0
122,22,0,0
123,22,0,0
124,22,0,0
125,22,0,0
126,22,0,0
127,22,0,0
128,22,0,0
129,22,0,0
130,22,0,0
131,22,0,0
132,22,0,0
133,22,0,0
134,22,0,0
135,22,0,0
136,22,0,0
137,22,0,0
138,22,0,0
139,22,0,0
140,22,0,0
141,22,0,0
142,22,0,0
143,22,0,0
144,22,0,0
145,22,0,0
146,22,0,0
147,22,0,0
148,22,0,0
149,22,0,0
150,22,0,0
151,22,0,0
152,22,0,0
153,22,0,0
154,22,0,0
5,23,0,0
61,23,0,0
114,23,0,0
115,23,0,0
116,23,0,0
117,23,0,0
118,23,0,0
119,23,0,0
120,23,0,0
121,23,0,0
122,23,0,0
123,23,0,0
124,23,0,0
125,23,0,0
126,23,0,0
127,23,0,0
128,23,0,0
129,23,0,0
130,23,0,0
131,23,0,0
132,23,0,0
133,23,0,0
134,23,0,0
135,23,0,0
136,23,0,0
137,23,0,0
138,23,0,0
139,23,0,0
140,23,0,0
141,23,0,0
142,23,0,0
143,23,0,0
144,23,0,0
145,23,0,0
146,23,0,0
147,23,0,0
148,23,0,0
149,23,0,0
150,23,0,0
151,23,0,0
152,23,0,0
153,23,0,0
154,23,0,0
71,24,0,0
114,24,0,0
115,24,0,0
116,24,0,0
117,24,0,0
118,24,0,0
119,24,0,0
120,24,0,0
121,24,0,0
122,24,0,0
123,24,0,0
124,24,0,0
125,24,0,0
126,24,0,0
127,24,0,0
128,24,0,0
129,24,0,0
130,24,0,0
131,24,0,0
132,24,0,0
133,24,0,0
134,24,0,0
135,24,0,0
136,24,0,0
137,24,0,0
138,24,0,0
139,24,0,0
140,24,0,0
141,24,0,0
142,24,0,0
143,24,0,0
144,24,0,0
145,24,0,0
146,24,0,0
147,24,0,0
148,24,0,0
149,24,0,0
150,24,0,0
151,24,0,0
152,24,0,0
153,24,0,0
154,24,0,0
68,25,0,0
69,25,0,0
114,25,0,0
115,25,0,0
116,25,0,0
117,25,0,0
118,25,0,0
119,25,0,0
120,25,0,0
121,25,0,0
122,25,0,0
123,25,0,0
124,25,0,0
125,25,0,0
126,25,0,0
127,25,0,0
128,25,0,0
129,25,0,0
130,25,0,0
131,25,0,0
132,25,0,0
133,25,0,0
134,25,0,0
135,25,0,0
136,25,0,0
137,25,0,0
138,25,0,0
139,25,0,0
140,25,0,0
141,25,0,0
142,25,0,0
143,25,0,0
144,25,0,0
145,25,0,0
146,25,0,0
147,25,0,0
148,25,0,0
149,25,0,0
150,25,0,0
151,25,0,0
152,25,0,0
153,25,0,0
154,25,0,0
114,26,0,0
115,26,0,0
116,26,0,0
117,26,0,0
118,26,0,0
119,26,0,0
120,26,0,0
121,26,0,0
122,26,0,0
123,26,0,0
124,26,0,0
125,26,0,0
126,26,0,0
127,26,0,0
128,26,0,0
129,26,0,0
130,26,0,0
131,26,0,0
132,26,0,0
133,26,0,0
134,26,0,0
135,26,0,0
136,26,0,0
137,26,0,0
138,26,0,0
139,26,0,0
140,26,0,0
141,26,0,0
142,26,0,0
143,26,0,0
144,26,0,0
145,26,0,0
146,26,0,0
147,26,0,0
148,26,0,0
149,26,0,0
150,26,0,0
151,26,0,0
152,26,0,0
153,26,0,0
154,26,0,0
194,26,0,0
155,28,0,0
156,28,0,0
157,28,0,0
158,28,0,0
159,28,0,0
160,28,0,0
161,28,0,0
162,28,0,0
163,28,0,0
164,28,0,0
165,28,0,0
166,28,0,0
167,28,0,0
168,28,0,0
169,28,0,0
170,28,0,0
171,28,0,0
172,28,0,0
173,28,0,0
174,28,0,0
175,28,0,0
176,28,0,0
177,28,0,0
178,28,0,0
179,28,0,0
180,28,0,0
181,28,0,0
182,28,0,0
183,28,0,0
184,28,0,0
185,28,0,0
186,28,0,0
187,28,0,0
188,28,0,0
189,28,0,0
190,28,0,0
191,28,0,0
192,28,0,0
193,28,0,0
5,29,0,0
61,29,0,0
155,29,0,0
156,29,0,0
157,29,0,0
158,29,0,0
159,29,0,0
160,29,0,0
161,29,0,0
162,29,0,0
163,29,0,0
164,29,0,0
165,29,0,0
166,29,0,0
167,29,0,0
168,29,0,0
169,29,0,0
170,29,0,0
171,29,0,0
172,29,0,0
173,29,0,0
174,29,0,0
175,29,0,0
176,29,0,0
177,29,0,0
178,29,0,0
179,29,0,0
180,29,0,0
181,29,0,0
182,29,0,0
183,29,0,0
184,29,0,0
185,29,0,0
186,29,0,0
187,29,0,0
188,29,0,0
189,29,0,0
190,29,0,0
191,29,0,0
192,29,0,0
193,29,0,0
71,30,0,0
155,30,0,0
156,30,0,0
157,30,0,0
158,30,0,0
159,30,0,0
160,30,0,0
161,30,0,0
162,30,0,0
163,30,0,0
164,30,0,0
165,30,0,0
166,30,0,0
167,30,0,0
168,30,0,0
169,30,0,0
170,30,0,0
171,30,0,0
172,30,0,0
173,30,0,0
174,30,0,0
175,30,0,0
176,30,0,0
177,30,0,0
178,30,0,0
179,30,0,0
180,30,0,0
181,30,0,0
182,30,0,0
183,30,0,0
184,30,0,0
185,30,0,0
186,30,0,0
187,30,0,0
188,30,0,0
189,30,0,0
190,30,0,0
191,30,0,0
192,30,0,0
193,30,0,0
69,31,0,0
155,31,0,0
156,31,0,0
157,31,0,0
158,31,0,0
159,31,0,0
160,31,0,0
161,31,0,0
162,31,0,0
163,31,0,0
164,31,0,0
165,31,0,0
166,31,0,0
167,31,0,0
168,31,0,0
169,31,0,0
170,31,0,0
171,31,0,0
172,31,0,0
173,31,0,0
174,31,0,0
175,31,0,0
176,31,0,0
177,31,0,0
178,31,0,0
179,31,0,0
180,31,0,0
181,31,0,0
182,31,0,0
183,31,0,0
184,31,0,0
185,31,0,0
186,31,0,0
187,31,0,0
188,31,0,0
189,31,0,0
190,31,0,0
191,31,0,0
192,31,0,0
193,31,0,0
155,32,0,0
156,32,0,0
157,32,0,0
158,32,0,0
159,32,0,0
160,32,0,0
161,32,0,0
162,32,0,0
163,32,0,0
164,32,0,0
165,32,0,0
166,32,0,0
167,32,0,0
168,32,0,0
169,32,0,0
170,32,0,0
171,32,0,0
172,32,0,0
173,32,0,0
174,32,0,0
175,32,0,0
176,32,0,0
177,32,0,0
178,32,0,0
179,32,0,0
180,32,0,0
181,32,0,0
182,32,0,0
183,32,0,0
184,32,0,0
185,32,0,0
186,32,0,0
187,32,0,0
188,32,0,0
189,32,0,0
190,32,0,0
191,32,0,0
192,32,0,0
193,32,0,0
194,32,0,0
5,34,0,0
240,34,0,0
241,34,0,0
242,34,0,0
243,34,0,0
244,34,0,0
245,34,0,0
246,34,0,0
247,34,0,0
248,34,0,0
249,34,0,0
250,34,0,0
251,34,0,0
252,34,0,0
253,34,0,0
254,34,0,0
255,34,0,0
256,34,0,0
257,34,0,0
258,34,0,0
259,34,0,0
260,34,0,0
261,34,0,0
262,34,0,0
263,34,0,0
264,34,0,0
265,34,0,0
266,34,0,0
267,34,0,0
268,34,0,0
269,34,0,0
270,34,0,0
271,34,0,0
272,34,0,0
273,34,0,0
274,34,0,0
275,34,0,0
276,34,0,0
277,34,0,0
278,34,0,0
279,34,0,0
280,34,0,0
281,34,0,0
282,34,0,0
283,34,0,0
284,34,0,0
285,34,0,0
4,35,0,0
5,35,0,0
58,35,0,0
62,35,0,0
65,35,0,0
66,35,0,0
68,35,0,0
69,35,0,0
70,35,0,0
71,35,0,0
285,35,0,0
286,35,0,0
287,35,0,0
288,35,0,0
289,35,0,0
290,35,0,0
291,35,0,0
292,35,0,0
293,35,0,0
294,35,0,0
295,35,0,0
296,35,0,0
297,35,0,0
298,35,0,0
299,35,0,0
300,35,0,0
301,35,0,0
302,35,0,0
303,35,0,0
304,35,0,0
305,35,0,0
306,35,0,0
307,35,0,0
308,35,0,0
309,35,0,0
310,35,0,0
311,35,0,0
312,35,0,0
313,35,0,0
314,35,0,0
315,35,0,0
316,35,0,0
317,35,0,0
318,35,0,0
319,35,0,0
320,35,0,0
321,35,0,0
322,35,0,0
323,35,0,0
324,35,0,0
325,35,0,0
326,35,0,0
327,35,0,0
328,35,0,0
329,35,0,0
330,35,0,0
331,35,0,0
332,35,0,0
333,35,0,0
334,35,0,0
335,35,0,0
336,35,0,0
337,35,0,0
338,35,0,0
339,35,0,0
340,35,0,0
342,35,0,0
343,35,0,0
344,35,0,0
345,35,0,0
346,35,0,0
347,35,0,0
5,36,0,0
58,36,0,0
62,36,0,0
65,36,0,0
66,36,0,0
68,36,0,0
69,36,0,0
70,36,0,0
71,36,0,0
285,36,0,0
320,36,0,0
321,36,0,0
325,36,0,0
342,36,0,0
343,36,0,0
345,36,0,0
346,36,0,0
349,36,0,0
350,36,0,0
351,36,0,0
352,36,0,0
353,36,0,0
354,36,0,0
355,36,0,0
356,36,0,0
357,36,0,0
358,36,0,0
359,36,0,0
360,36,0,0
361,36,0,0
362,36,0,0
363,36,0,0
364,36,0,0
365,36,0,0
366,36,0,0
367,36,0,0
368,36,0,0
369,36,0,0
370,36,0,0
371,36,0,0
372,36,0,0
373,36,0,0
374,36,0,0
375,36,0,0
376,36,0,0
377,36,0,0
378,36,0,0
379,36,0,0
380,36,0,0
381,36,0,0
382,36,0,0
383,36,0,0
384,36,0,0
385,36,0,0
386,36,0,0
387,36,0,0
388,36,0,0
389,36,0,0
390,36,0,0
391,36,0,0
392,36,0,0
393,36,0,0
394,36,0,0
395,36,0,0
396,36,0,0
397,36,0,0
398,36,0,0
399,36,0,0
400,36,0,0
401,36,0,0
402,36,0,0
403,36,0,0
404,36,0,0
405,36,0,0
406,36,0,0
407,36,0,0
408,36,0,0
409,36,0,0
5,37,0,0
58,37,0,0
62,37,0,0
65,37,0,0
66,37,0,0
67,37,0,0
68,37,0,0
69,37,0,0
70,37,0,0
71,37,0,0
285,37,0,0
293,37,0,0
308,37,0,0
410,37,0,0
411,37,0,0
412,37,0,0
413,37,0,0
414,37,0,0
415,37,0,0
416,37,0,0
417,37,0,0
418,37,0,0
419,37,0,0
420,37,0,0
421,37,0,0
422,37,0,0
423,37,0,0
424,37,0,0
425,37,0,0
426,37,0,0
427,37,0,0
428,37,0,0
429,37,0,0
430,37,0,0
431,37,0,0
432,37,0,0
433,37,0,0
434,37,0,0
435,37,0,0
436,37,0,0
437,37,0,0
438,37,0,0
439,37,0,0
440,37,0,0
441,37,0,0
442,37,0,0
443,37,0,0
444,37,0,0
445,37,0,0
446,37,0,0
447,37,0,0
448,37,0,0
449,37,0,0
450,37,0,0
451,37,0,0
452,37,0,0
453,37,0,0
5,38,0,0
58,38,0,0
62,38,0,0
65,38,0,0
66,38,0,0
67,38,0,0
70,38,0,0
71,38,0,0
285,38,0,0
348,38,0,0
378,38,0,0
434,38,0,0
444,38,0,0
445,38,0,0
446,38,0,0
448,38,0,0
449,38,0,0
450,38,0,0
451,38,0,0
454,38,0,0
455,38,0,0
456,38,0,0
457,38,0,0
458,38,0,0
459,38,0,0
460,38,0,0
461,38,0,0
462,38,0,0
463,38,0,0
464,38,0,0
465,38,0,0
466,38,0,0
467,38,0,0
468,38,0,0
469,38,0,0
470,38,0,0
471,38,0,0
472,38,0,0
473,38,0,0
474,38,0,0
475,38,0,0
476,38,0,0
477,38,0,0
478,38,0,0
479,38,0,0
480,38,0,0
481,38,0,0
482,38,0,0
483,38,0,0
484,38,0,0
485,38,0,0
486,38,0,0
487,38,0,0
488,38,0,0
489,38,0,0
490,38,0,0
491,38,0,0
492,38,0,0
493,38,0,0
494,38,0,0
495,38,0,0
497,38,0,0
4,39,0,0
5,39,0,0
58,39,0,0
62,39,0,0
65,39,0,0
66,39,0,0
68,39,0,0
69,39,0,0
70,39,0,0
285,39,0,0
370,39,0,0
371,39,0,0
372,39,0,0
373,39,0,0
374,39,0,0
375,39,0,0
376,39,0,0
377,39,0,0
378,39,0,0
401,39,0,0
404,39,0,0
436,39,0,0
444,39,0,0
445,39,0,0
446,39,0,0
451,39,0,0
467,39,0,0
480,39,0,0
484,39,0,0
489,39,0,0
494,39,0,0
498,39,0,0
499,39,0,0
500,39,0,0
501,39,0,0
502,39,0,0
503,39,0,0
504,39,0,0
505,39,0,0
506,39,0,0
507,39,0,0
508,39,0,0
509,39,0,0
510,39,0,0
511,39,0,0
512,39,0,0
513,39,0,0
514,39,0,0
515,39,0,0
516,39,0,0
517,39,0,0
518,39,0,0
519,39,0,0
520,39,0,0
521,39,0,0
522,39,0,0
523,39,0,0
524,39,0,0
525,39,0,0
526,39,0,0
527,39,0,0
528,39,0,0
529,39,0,0
530,39,0,0
531,39,0,0
532,39,0,0
533,39,0,0
534,39,0,0
535,39,0,0
536,39,0,0
537,39,0,0
538,39,0,0
539,39,0,0
540,39,0,0
541,39,0,0
542,39,0,0
543,39,0,0
544,39,0,0
545,39,0,0
546,39,0,0
547,39,0,0
548,39,0,0
549,39,0,0
550,39,0,0
551,39,0,0
552,39,0,0
553,39,0,0
554,39,0,0
555,39,0,0
556,39,0,0
557,39,0,0
558,39,0,0
559,39,0,0
560,39,0,0
561,39,0,0
562,39,0,0
563,39,0,0
5,40,0,0
58,40,0,0
62,40,0,0
65,40,0,0
66,40,0,0
67,40,0,0
68,40,0,0
69,40,0,0
70,40,0,0
71,40,0,0
285,40,0,0
355,40,0,0
372,40,0,0
375,40,0,0
408,40,0,0
451,40,0,0
452,40,0,0
465,40,0,0
479,40,0,0
484,40,0,0
486,40,0,0
491,40,0,0
492,40,0,0
493,40,0,0
501,40,0,0
504,40,0,0
511,40,0,0
520,40,0,0
521,40,0,0
546,40,0,0
564,40,0,0
565,40,0,0
566,40,0,0
567,40,0,0
568,40,0,0
569,40,0,0
570,40,0,0
571,40,0,0
572,40,0,0
573,40,0,0
574,40,0,0
575,40,0,0
576,40,0,0
577,40,0,0
578,40,0,0
579,40,0,0
580,40,0,0
581,40,0,0
582,40,0,0
583,40,0,0
584,40,0,0
585,40,0,0
586,40,0,0
587,40,0,0
588,40,0,0
589,40,0,0
590,40,0,0
591,40,0,0
592,40,0,0
593,40,0,0
594,40,0,0
595,40,0,0
596,40,0,0
597,40,0,0
598,40,0,0
599,40,0,0
600,40,0,0
601,40,0,0
602,40,0,0
603,40,0,0
604,40,0,0
605,40,0,0
606,40,0,0
607,40,0,0
608,40,0,0
609,40,0,0
610,40,0,0
611,40,0,0
612,40,0,0
613,40,0,0
5,41,0,0
58,41,0,0
62,41,0,0
65,41,0,0
66,41,0,0
67,41,0,0
68,41,0,0
69,41,0,0
70,41,0,0
285,41,0,0
309,41,0,0
355,41,0,0
480,41,0,0
501,41,0,0
518,41,0,0
569,41,0,0
584,41,0,0
586,41,0,0
596,41,0,0
614,41,0,0
615,41,0,0
616,41,0,0
617,41,0,0
618,41,0,0
619,41,0,0
620,41,0,0
621,41,0,0
622,41,0,0
623,41,0,0
624,41,0,0
625,41,0,0
626,41,0,0
627,41,0,0
628,41,0,0
629,41,0,0
630,41,0,0
631,41,0,0
632,41,0,0
633,41,0,0
634,41,0,0
635,41,0,0
636,41,0,0
637,41,0,0
638,41,0,0
639,41,0,0
641,41,0,0
642,41,0,0
644,41,0,0
645,41,0,0
646,41,0,0
647,41,0,0
648,41,0,0
649,41,0,0
650,41,0,0
652,41,0,0
5,42,0,0
62,42,0,0
65,42,0,0
66,42,0,0
67,42,0,0
68,42,0,0
69,42,0,0
70,42,0,0
71,42,0,0
194,42,0,0
285,42,0,0
309,42,0,0
338,42,0,0
350,42,0,0
569,42,0,0
613,42,0,0
616,42,0,0
623,42,0,0
630,42,0,0
644,42,0,0
653,42,0,0
654,42,0,0
655,42,0,0
656,42,0,0
657,42,0,0
658,42,0,0
659,42,0,0
660,42,0,0
661,42,0,0
662,42,0,0
663,42,0,0
664,42,0,0
665,42,0,0
666,42,0,0
667,42,0,0
668,42,0,0
669,42,0,0
670,42,0,0
671,42,0,0
672,42,0,0
673,42,0,0
674,42,0,0
675,42,0,0
676,42,0,0
677,42,0,0
678,42,0,0
679,42,0,0
680,42,0,0
681,42,0,0
682,42,0,0
683,42,0,0
684,42,0,0
685,42,0,0
686,42,0,0
687,42,0,0
688,42,0,0
689,42,0,0
690,42,0,0
691,42,0,0
692,42,0,0
693,42,0,0
694,42,0,0
695,42,0,0
696,42,0,0
697,42,0,0
698,42,0,0
699,42,0,0
700,42,0,0
701,42,0,0
702,42,0,0
703,42,0,0
704,42,0,0
705,42,0,0
706,42,0,0
707,42,0,0
708,42,0,0
709,42,0,0
710,42,0,0
711,42,0,0
712,42,0,0
713,42,0,0
714,42,0,0
715,42,0,0
716,42,0,0
717,42,0,0
718,42,0,0
719,42,0,0
720,42,0,0
721,42,0,0
722,42,0,0
723,42,0,0
724,42,0,0
725,42,0,0
726,42,0,0
727,42,0,0
728,42,0,0
729,42,0,0
730,42,0,0
731,42,0,0
732,42,0,0
733,42,0,0
734,42,0,0
735,42,0,0
736,42,0,0
737,42,0,0
738,42,0,0
740,42,0,0
741,42,0,0
742,42,0,0
743,42,0,0
744,42,0,0
745,42,0,0
746,42,0,0
747,42,0,0
748,42,0,0
749,42,0,0
750,42,0,0
751,42,0,0
752,42,0,0
753,42,0,0
754,42,0,0
755,42,0,0
756,42,0,0
757,42,0,0
758,42,0,0
759,42,0,0
760,42,0,0
761,42,0,0
762,42,0,0
763,42,0,0
764,42,0,0
928,42,0,0
995,42,0,0
1005,42,0,0
5,43,0,0
65,43,0,0
67,43,0,0
68,43,0,0
69,43,0,0
337,43,0,0
344,43,0,0
595,43,0,0
632,43,0,0
633,43,0,0
634,43,0,0
645,43,0,0
766,43,0,0
767,43,0,0
768,43,0,0
769,43,0,0
770,43,0,0
771,43,0,0
772,43,0,0
773,43,0,0
774,43,0,0
775,43,0,0
776,43,0,0
777,43,0,0
778,43,0,0
779,43,0,0
780,43,0,0
781,43,0,0
782,43,0,0
783,43,0,0
784,43,0,0
785,43,0,0
786,43,0,0
787,43,0,0
788,43,0,0
789,43,0,0
790,43,0,0
791,43,0,0
792,43,0,0
793,43,0,0
794,43,0,0
795,43,0,0
796,43,0,0
797,43,0,0
798,43,0,0
799,43,0,0
800,43,0,0
801,43,0,0
802,43,0,0
803,43,0,0
804,43,0,0
805,43,0,0
806,43,0,0
807,43,0,0
808,43,0,0
809,43,0,0
810,43,0,0
811,43,0,0
812,43,0,0
813,43,0,0
814,43,0,0
815,43,0,0
816,43,0,0
818,43,0,0
819,43,0,0
5,44,0,0
62,44,0,0
64,44,0,0
65,44,0,0
66,44,0,0
67,44,0,0
68,44,0,0
869,44,0,0
870,44,0,0
871,44,0,0
872,44,0,0
873,44,0,0
874,44,0,0
875,44,0,0
876,44,0,0
877,44,0,0
878,44,0,0
879,44,0,0
880,44,0,0
881,44,0,0
882,44,0,0
883,44,0,0
884,44,0,0
886,44,0,0
887,44,0,0
888,44,0,0
889,44,0,0
890,44,0,0
891,44,0,0
892,44,0,0
893,44,0,0
894,44,0,0
895,44,0,0
988,44,0,0
1009,44,0,0
1013,44,0,0
1014,44,0,0
1112,44,0,0
2,45,2,2
5,45,0,0
62,45,0,0
67,45,0,0
68,45,0,0
820,45,4,3
821,45,0,0
822,45,6,3
823,45,4,3
824,45,0,0
825,45,3,3
826,45,0,0
827,45,0,0
828,45,0,0
829,45,0,0
830,45,5,3
831,45,4,3
832,45,3,3
833,45,3,3
834,45,0,0
835,45,0,0
836,45,0,0
837,45,0,0
838,45,0,0
839,45,3,3
840,45,0,0
841,45,3,3
842,45,3,3
843,45,0,0
844,45,4,3
845,45,0,0
846,45,5,3
847,45,0,0
848,45,0,0
849,45,6,3
850,45,0,0
851,45,3,3
852,45,3,3
853,45,0,0
854,45,0,0
855,45,0,0
856,45,3,3
857,45,5,3
858,45,3,3
860,45,4,3
861,45,3,3
862,45,5,3
863,45,0,0
864,45,3,3
865,45,0,0
866,45,1,1
867,45,4,3
868,45,3,3
5,46,0,0
58,46,0,0
60,46,0,0
67,46,0,0
68,46,0,0
289,46,0,0
290,46,0,0
347,46,0,0
349,46,0,0
358,46,0,0
359,46,0,0
360,46,0,0
670,46,0,0
736,46,0,0
771,46,0,0
774,46,0,0
784,46,0,0
896,46,0,0
897,46,0,0
898,46,0,0
899,46,0,0
900,46,0,0
901,46,0,0
902,46,0,0
903,46,0,0
904,46,0,0
905,46,0,0
906,46,0,0
907,46,0,0
908,46,0,0
909,46,0,0
910,46,0,0
911,46,0,0
912,46,0,0
913,46,0,0
914,46,0,0
915,46,0,0
916,46,0,0
917,46,0,0
918,46,0,0
919,46,0,0
920,46,0,0
921,46,0,0
922,46,0,0
923,46,0,0
924,46,0,0
925,46,0,0
926,46,0,0
927,46,0,0
928,46,0,0
929,46,0,0
930,46,0,0
931,46,0,0
932,46,0,0
933,46,0,0
934,46,0,0
935,46,0,0
936,46,0,0
937,46,0,0
938,46,0,0
939,46,0,0
940,46,0,0
941,46,0,0
942,46,0,0
943,46,0,0
944,46,0,0
945,46,0,0
946,46,0,0
947,46,0,0
948,46,0,0
949,46,0,0
950,46,0,0
951,46,0,0
952,46,0,0
953,46,0,0
954,46,0,0
955,46,0,0
956,46,0,0
957,46,0,0
958,46,0,0
959,46,0,0
960,46,0,0
961,46,0,0
962,46,0,0
963,46,0,0
964,46,0,0
965,46,0,0
966,46,0,0
967,46,0,0
968,46,0,0
969,46,0,0
970,46,0,0
971,46,0,0
972,46,0,0
973,46,0,0
974,46,0,0
975,46,0,0
976,46,0,0
977,46,0,0
978,46,0,0
979,46,0,0
980,46,0,0
981,46,0,0
982,46,0,0
983,46,0,0
984,46,0,0
985,46,0,0
987,46,0,0
990,46,0,0
991,46,0,0
992,46,0,0
993,46,0,0
994,46,0,0
995,46,0,0
996,46,0,0
997,46,0,0
998,46,0,0
999,46,0,0
1000,46,0,0
1001,46,0,0
1002,46,0,0
1003,46,0,0
1004,46,0,0
1005,46,0,0
1006,46,0,0
1007,46,0,0
1008,46,0,0
1010,46,0,0
1011,46,0,0
62,47,0,0
68,47,0,0
942,47,0,0
1112,47,0,0
1113,47,0,0
1114,47,0,0
1115,47,0,0
1116,47,0,0
1117,47,0,0
1118,47,11,6
1119,47,4,3
1120,47,0,0
1121,47,3,3
1122,47,9,9
1123,47,0,0
1124,47,0,0
1125,47,0,0
1126,47,7,4
1127,47,3,3
1128,47,3,2
1129,47,6,5
1130,47,7,7
1131,47,0,0
1132,47,0,0
1133,47,0,0
1134,47,3,3
1135,47,1,1
1136,47,2,1
1137,47,1,1
1138,47,0,0
1141,47,3,3
1142,47,13,12
1143,47,0,0
1144,47,3,3
1145,47,3,2
1146,47,18,12
1147,47,1,1
1148,47,0,0
1149,47,0,0
1150,47,7,7
1151,47,12,12
1152,47,0,0
1153,47,0,0
1154,47,0,0
1155,47,0,0
1156,47,18,9
1157,47,0,0
1158,47,4,4
1159,47,0,0
1160,47,0,0
4,48,0,0
80,48,0,0
84,48,0,0
86,48,0,0
89,48,0,0
93,48,0,0
99,48,0,0
102,48,0,0
108,48,0,0
116,48,0,0
119,48,0,0
127,48,0,0
139,48,0,0
140,48,0,0
142,48,0,0
151,48,0,0
164,48,0,0
185,48,0,0
193,48,0,0
198,48,0,0
215,48,0,0
227,48,0,0
228,48,0,0
239,48,0,0
2,49,0,0
2,50,0,0
2,51,0,0
3,51,0,0
4,51,0,0
64,51,0,0
70,51,0,0
285,51,0,0
5,52,0,0
62,52,0,0
1017,52,3,3
1018,52,0,0
1019,52,0,0
1020,52,0,0
1021,52,0,0
1022,52,0,0
1023,52,0,0
1024,52,4,3
1025,52,3,3
1026,52,0,0
1027,52,0,0
1028,52,3,3
1029,52,0,0
1030,52,4,3
1031,52,0,0
1032,52,4,3
1033,52,0,0
1034,52,3,3
1035,52,3,3
1036,52,0,0
1037,52,0,0
1038,52,4,3
1039,52,0,0
1040,52,4,3
1041,52,0,0
1042,52,3,3
1043,52,0,0
1044,52,0,0
1045,52,5,3
1046,52,0,0
1047,52,0,0
1048,52,0,0
1049,52,0,0
1050,52,4,3
1051,52,0,0
1052,52,0,0
1053,52,0,0
1054,52,0,0
1055,52,0,0
1056,52,3,3
1057,52,0,0
1058,52,5,3
1059,52,0,0
61,54,0,0
197,54,0,0
198,54,0,0
199,54,0,0
200,54,0,0
201,54,0,0
202,54,0,0
203,54,0,0
204,54,0,0
205,54,0,0
206,54,0,0
207,54,0,0
208,54,0,0
209,54,0,0
210,54,0,0
211,54,0,0
212,54,0,0
213,54,0,0
214,54,0,0
215,54,0,0
216,54,0,0
217,54,0,0
218,54,0,0
219,54,0,0
220,54,0,0
221,54,0,0
222,54,0,0
223,54,0,0
224,54,0,0
225,54,0,0
226,54,0,0
227,54,0,0
228,54,0,0
229,54,0,0
230,54,0,0
231,54,0,0
232,54,0,0
233,54,0,0
234,54,0,0
235,54,0,0
236,54,0,0
237,54,0,0
238,54,0,0
239,54,0,0
61,55,0,0
197,55,4,4
198,55,3,3
199,55,4,4
200,55,4,4
201,55,4,4
202,55,4,4
203,55,4,4
204,55,3,3
205,55,3,3
206,55,3,3
207,55,4,4
208,55,4,4
209,55,8,4
210,55,4,4
211,55,4,4
212,55,4,4
213,55,4,4
214,55,3,3
215,55,3,3
216,55,3,3
217,55,4,4
218,55,4,4
219,55,3,3
220,55,0,0
221,55,3,3
222,55,4,4
223,55,3,3
224,55,3,3
225,55,3,3
226,55,2,2
227,55,4,4
228,55,3,3
229,55,3,3
230,55,4,4
231,55,2,2
232,55,3,3
233,55,3,3
234,55,3,3
235,55,3,3
236,55,3,3
237,55,3,3
238,55,5,4
239,55,3,3
706,55,0,0
61,56,0,0
70,56,0,0
197,56,0,0
198,56,0,0
199,56,0,0
200,56,0,0
201,56,0,0
202,56,0,0
203,56,0,0
204,56,0,0
205,56,0,0
206,56,0,0
207,56,0,0
208,56,0,0
209,56,0,0
210,56,0,0
211,56,0,0
212,56,0,0
213,56,0,0
214,56,0,0
215,56,0,0
216,56,0,0
217,56,0,0
218,56,0,0
219,56,0,0
220,56,0,0
221,56,0,0
222,56,0,0
223,56,0,0
224,56,0,0
225,56,0,0
226,56,0,0
227,56,0,0
228,56,0,0
229,56,0,0
230,56,0,0
231,56,0,0
232,56,0,0
233,56,0,0
234,56,0,0
235,56,0,0
236,56,0,0
237,56,0,0
238,56,0,0
239,56,0,0
285,56,0,0
61,57,0,0
69,57,0,0
197,57,0,0
198,57,0,0
199,57,0,0
200,57,0,0
201,57,0,0
202,57,0,0
203,57,0,0
204,57,0,0
205,57,0,0
206,57,0,0
207,57,0,0
208,57,0,0
209,57,0,0
210,57,0,0
211,57,0,0
212,57,0,0
213,57,0,0
214,57,0,0
215,57,0,0
216,57,0,0
217,57,0,0
218,57,0,0
219,57,0,0
220,57,0,0
221,57,0,0
222,57,0,0
223,57,0,0
224,57,0,0
225,57,0,0
226,57,0,0
227,57,0,0
228,57,0,0
229,57,0,0
230,57,0,0
231,57,0,0
232,57,0,0
233,57,0,0
234,57,0,0
235,57,0,0
236,57,0,0
237,57,0,0
238,57,0,0
239,57,0,0
61,58,0,0
74,58,1,1
75,58,1,1
77,58,1,1
82,58,1,1
83,58,1,1
85,58,1,1
86,58,1,1
87,58,1,1
92,58,1,1
94,58,1,1
97,58,1,1
98,58,1,1
100,58,1,1
101,58,1,1
107,58,1,1
109,58,1,1
111,58,1,1
113,58,1,1
197,58,1,1
199,58,1,1
203,58,1,1
207,58,1,1
208,58,1,1
211,58,1,1
214,58,1,1
217,58,1,1
222,58,1,1
225,58,1,1
228,58,1,1
231,58,1,1
234,58,1,1
236,58,1,1
238,58,1,1
239,58,1,1
1060,58,0,0
65,59,0,0
72,59,0,0
73,59,0,0
74,59,0,0
75,59,0,0
76,59,0,0
77,59,0,0
78,59,0,0
79,59,0,0
80,59,0,0
81,59,0,0
82,59,0,0
83,59,0,0
84,59,0,0
85,59,0,0
86,59,0,0
87,59,0,0
88,59,0,0
89,59,0,0
90,59,0,0
91,59,0,0
92,59,0,0
93,59,0,0
94,59,0,0
95,59,0,0
96,59,0,0
97,59,0,0
98,59,0,0
99,59,0,0
100,59,0,0
101,59,0,0
102,59,0,0
103,59,0,0
104,59,0,0
105,59,0,0
106,59,0,0
107,59,0,0
108,59,0,0
109,59,0,0
110,59,0,0
111,59,0,0
112,59,0,0
113,59,0,0
668,59,0,0
65,60,0,0
72,60,0,0
73,60,0,0
74,60,0,0
75,60,0,0
76,60,0,0
77,60,0,0
78,60,0,0
79,60,0,0
80,60,0,0
81,60,0,0
82,60,0,0
83,60,0,0
84,60,0,0
85,60,0,0
86,60,0,0
87,60,0,0
88,60,0,0
89,60,0,0
90,60,0,0
91,60,0,0
92,60,0,0
93,60,0,0
94,60,0,0
95,60,0,0
96,60,0,0
97,60,0,0
98,60,0,0
99,60,0,0
100,60,0,0
101,60,0,0
102,60,0,0
103,60,0,0
104,60,0,0
105,60,0,0
106,60,0,0
107,60,0,0
108,60,0,0
109,60,0,0
110,60,0,0
111,60,0,0
112,60,0,0
113,60,0,0
700,60,0,0
65,61,0,0
70,61,0,0
72,61,0,0
73,61,0,0
74,61,0,0
75,61,0,0
76,61,0,0
77,61,0,0
78,61,0,0
79,61,0,0
80,61,0,0
81,61,0,0
82,61,0,0
83,61,0,0
84,61,0,0
85,61,0,0
86,61,0,0
87,61,0,0
88,61,0,0
89,61,0,0
90,61,0,0
91,61,0,0
92,61,0,0
93,61,0,0
94,61,0,0
95,61,0,0
96,61,0,0
97,61,0,0
98,61,0,0
99,61,0,0
100,61,0,0
101,61,0,0
102,61,0,0
103,61,0,0
104,61,0,0
105,61,0,0
106,61,0,0
107,61,0,0
108,61,0,0
109,61,0,0
110,61,0,0
111,61,0,0
112,61,0,0
113,61,0,0
285,61,0,0
65,62,0,0
69,62,0,0
72,62,0,0
73,62,0,0
74,62,0,0
75,62,0,0
76,62,0,0
77,62,0,0
78,62,0,0
79,62,0,0
80,62,0,0
81,62,0,0
82,62,0,0
83,62,0,0
84,62,0,0
85,62,0,0
86,62,0,0
87,62,0,0
88,62,0,0
89,62,0,0
90,62,0,0
91,62,0,0
92,62,0,0
93,62,0,0
94,62,0,0
95,62,0,0
96,62,0,0
97,62,0,0
98,62,0,0
99,62,0,0
100,62,0,0
101,62,0,0
102,62,0,0
103,62,0,0
104,62,0,0
105,62,0,0
106,62,0,0
107,62,0,0
108,62,0,0
109,62,0,0
110,62,0,0
111,62,0,0
112,62,0,0
113,62,0,0
65,63,0,0
76,63,0,0
78,63,0,0
79,63,0,0
80,63,0,0
81,63,0,0
84,63,0,0
88,63,0,0
89,63,0,0
90,63,0,0
91,63,0,0
93,63,0,0
95,63,0,0
96,63,0,0
99,63,0,0
102,63,0,0
103,63,0,0
104,63,0,0
105,63,0,0
106,63,0,0
108,63,0,0
110,63,0,0
112,63,0,0
198,63,0,0
200,63,0,0
201,63,0,0
202,63,0,0
204,63,0,0
205,63,0,0
206,63,0,0
209,63,0,0
210,63,0,0
212,63,0,0
213,63,0,0
215,63,0,0
216,63,0,0
218,63,0,0
219,63,0,0
221,63,0,0
223,63,0,0
224,63,0,0
226,63,0,0
227,63,0,0
229,63,0,0
230,63,0,0
232,63,0,0
233,63,0,0
235,63,0,0
237,63,0,0
530,63,0,0
62,64,0,0
114,64,1,1
115,64,1,1
116,64,1,1
117,64,1,1
118,64,1,1
119,64,1,1
120,64,1,1
121,64,0,0
122,64,0,0
123,64,1,1
124,64,1,1
125,64,1,1
126,64,1,1
127,64,1,1
128,64,0,0
129,64,1,1
130,64,1,1
131,64,1,1
132,64,1,1
133,64,1,1
135,64,1,1
136,64,1,1
137,64,1,1
138,64,1,1
139,64,1,1
140,64,1,1
141,64,1,1
142,64,1,1
143,64,1,1
144,64,1,1
145,64,0,0
146,64,0,0
147,64,1,1
148,64,1,1
149,64,1,1
151,64,1,1
152,64,0,0
153,64,0,0
154,64,1,1
374,64,0,0
62,65,0,0
114,65,0,0
115,65,0,0
116,65,0,0
117,65,0,0
118,65,0,0
119,65,0,0
120,65,0,0
121,65,0,0
122,65,0,0
123,65,0,0
124,65,0,0
125,65,0,0
126,65,0,0
127,65,0,0
128,65,0,0
129,65,0,0
130,65,0,0
131,65,0,0
132,65,0,0
133,65,0,0
135,65,0,0
136,65,0,0
137,65,0,0
138,65,0,0
139,65,0,0
140,65,0,0
141,65,0,0
142,65,0,0
143,65,0,0
144,65,0,0
145,65,0,0
146,65,0,0
147,65,0,0
148,65,0,0
149,65,0,0
151,65,0,0
152,65,0,0
153,65,0,0
154,65,0,0
662,65,0,0
62,66,0,0
114,66,0,0
115,66,0,0
116,66,0,0
117,66,0,0
118,66,0,0
119,66,0,0
120,66,0,0
121,66,0,0
122,66,0,0
123,66,0,0
124,66,0,0
125,66,0,0
126,66,0,0
127,66,0,0
128,66,0,0
129,66,0,0
130,66,0,0
131,66,0,0
132,66,0,0
133,66,0,0
135,66,0,0
136,66,0,0
137,66,0,0
138,66,0,0
139,66,0,0
140,66,0,0
141,66,0,0
142,66,0,0
143,66,0,0
144,66,0,0
145,66,0,0
146,66,0,0
147,66,0,0
148,66,0,0
149,66,0,0
151,66,0,0
152,66,0,0
153,66,0,0
154,66,0,0
817,66,0,0
62,67,0,0
68,67,0,0
114,67,0,0
115,67,0,0
116,67,0,0
117,67,0,0
118,67,0,0
119,67,0,0
120,67,0,0
121,67,0,0
122,67,0,0
123,67,0,0
124,67,0,0
125,67,0,0
126,67,0,0
127,67,0,0
128,67,0,0
129,67,0,0
130,67,0,0
131,67,0,0
132,67,0,0
133,67,0,0
135,67,0,0
136,67,0,0
137,67,0,0
138,67,0,0
139,67,0,0
140,67,0,0
141,67,0,0
142,67,0,0
143,67,0,0
144,67,0,0
145,67,0,0
146,67,0,0
147,67,0,0
148,67,0,0
149,67,0,0
151,67,0,0
152,67,0,0
153,67,0,0
154,67,0,0
62,68,0,0
63,68,0,0
114,68,9,8
115,68,8,7
116,68,6,6
117,68,8,7
118,68,8,7
119,68,10,8
120,68,6,6
121,68,4,4
122,68,5,5
123,68,8,5
124,68,6,5
125,68,6,5
126,68,9,8
127,68,9,8
128,68,4,4
129,68,0,0
130,68,7,7
131,68,8,8
132,68,5,5
133,68,9,8
135,68,8,7
136,68,9,8
137,68,9,8
138,68,1,1
139,68,9,7
140,68,8,8
141,68,9,8
142,68,3,3
143,68,7,6
144,68,9,8
145,68,8,8
146,68,6,5
147,68,9,8
148,68,9,7
149,68,2,2
151,68,9,8
152,68,6,6
153,68,0,0
154,68,0,0
285,68,1,1
62,69,0,0
68,69,0,0
114,69,0,0
115,69,0,0
116,69,0,0
117,69,0,0
118,69,0,0
119,69,0,0
120,69,0,0
121,69,0,0
122,69,0,0
123,69,0,0
124,69,0,0
125,69,0,0
126,69,0,0
127,69,0,0
128,69,0,0
129,69,0,0
130,69,0,0
131,69,0,0
132,69,0,0
133,69,0,0
135,69,0,0
136,69,0,0
137,69,0,0
138,69,0,0
139,69,0,0
140,69,0,0
141,69,0,0
142,69,0,0
143,69,0,0
144,69,0,0
145,69,0,0
146,69,0,0
147,69,0,0
148,69,0,0
149,69,0,0
151,69,0,0
152,69,0,0
153,69,0,0
154,69,0,0
66,70,0,0
155,70,1,1
156,70,1,1
157,70,0,0
158,70,1,1
159,70,0,0
160,70,1,1
161,70,1,1
162,70,0,0
163,70,1,1
164,70,1,1
165,70,1,1
166,70,1,1
167,70,1,1
168,70,1,1
169,70,1,1
170,70,1,1
171,70,0,0
172,70,0,0
173,70,1,1
174,70,1,1
175,70,1,1
176,70,1,1
177,70,1,1
178,70,1,1
179,70,0,0
180,70,1,1
181,70,1,1
182,70,1,1
183,70,0,0
184,70,1,1
185,70,1,1
186,70,0,0
187,70,0,0
188,70,1,1
189,70,0,0
190,70,1,1
191,70,1,1
192,70,1,1
193,70,1,1
374,70,0,0
66,71,0,0
155,71,0,0
156,71,0,0
157,71,0,0
158,71,0,0
159,71,0,0
160,71,0,0
161,71,0,0
162,71,0,0
163,71,0,0
164,71,0,0
165,71,0,0
166,71,0,0
167,71,0,0
168,71,0,0
169,71,0,0
170,71,0,0
171,71,0,0
172,71,0,0
173,71,0,0
174,71,0,0
175,71,0,0
176,71,0,0
177,71,0,0
178,71,0,0
179,71,0,0
180,71,0,0
181,71,0,0
182,71,0,0
183,71,0,0
184,71,0,0
185,71,0,0
186,71,0,0
187,71,0,0
188,71,0,0
189,71,0,0
190,71,0,0
191,71,0,0
192,71,0,0
193,71,0,0
662,71,0,0
66,72,0,0
155,72,0,0
156,72,0,0
157,72,0,0
158,72,0,0
159,72,0,0
160,72,0,0
161,72,0,0
162,72,0,0
163,72,0,0
164,72,0,0
165,72,0,0
166,72,0,0
167,72,0,0
168,72,0,0
169,72,0,0
170,72,0,0
171,72,0,0
172,72,0,0
173,72,0,0
174,72,0,0
175,72,0,0
176,72,0,0
177,72,0,0
178,72,0,0
179,72,0,0
180,72,0,0
181,72,0,0
182,72,0,0
183,72,0,0
184,72,0,0
185,72,0,0
186,72,0,0
187,72,0,0
188,72,0,0
189,72,0,0
190,72,0,0
191,72,0,0
192,72,0,0
193,72,0,0
299,72,0,0
66,73,0,0
69,73,0,0
155,73,0,0
156,73,0,0
157,73,0,0
158,73,0,0
159,73,0,0
160,73,0,0
161,73,0,0
162,73,0,0
163,73,0,0
164,73,0,0
165,73,0,0
166,73,0,0
167,73,0,0
168,73,0,0
169,73,0,0
170,73,0,0
171,73,0,0
172,73,0,0
173,73,0,0
174,73,0,0
175,73,0,0
176,73,0,0
177,73,0,0
178,73,0,0
179,73,0,0
180,73,0,0
181,73,0,0
182,73,0,0
183,73,0,0
184,73,0,0
185,73,0,0
186,73,0,0
187,73,0,0
188,73,0,0
189,73,0,0
190,73,0,0
191,73,0,0
192,73,0,0
193,73,0,0
63,74,0,0
66,74,0,0
155,74,6,6
156,74,5,5
157,74,0,0
158,74,7,7
159,74,0,0
160,74,0,0
161,74,7,6
162,74,0,0
163,74,3,3
164,74,5,5
165,74,3,3
166,74,6,6
167,74,6,6
168,74,5,5
169,74,8,7
170,74,7,7
171,74,0,0
172,74,0,0
173,74,7,7
174,74,4,4
175,74,7,7
176,74,6,6
177,74,7,7
178,74,3,3
179,74,0,0
180,74,6,6
181,74,5,5
182,74,7,7
183,74,0,0
184,74,7,7
185,74,7,6
186,74,6,6
187,74,0,0
188,74,6,6
189,74,0,0
190,74,7,7
191,74,7,7
192,74,7,7
193,74,7,7
285,74,1,1
66,75,0,0
68,75,0,0
155,75,0,0
156,75,0,0
157,75,0,0
158,75,0,0
159,75,0,0
160,75,0,0
161,75,0,0
162,75,0,0
163,75,0,0
164,75,0,0
165,75,0,0
166,75,0,0
167,75,0,0
168,75,0,0
169,75,0,0
170,75,0,0
171,75,0,0
172,75,0,0
173,75,0,0
174,75,0,0
175,75,0,0
176,75,0,0
177,75,0,0
178,75,0,0
179,75,0,0
180,75,0,0
181,75,0,0
182,75,0,0
183,75,0,0
184,75,0,0
185,75,0,0
186,75,0,0
187,75,0,0
188,75,0,0
189,75,0,0
190,75,0,0
191,75,0,0
192,75,0,0
193,75,0,0
5,76,0,0
285,76,0,0
1062,76,0,0
1063,76,0,0
1064,76,0,0
1065,76,0,0
1066,76,0,0
1067,76,0,0
1068,76,0,0
1069,76,0,0
1070,76,0,0
1071,76,0,0
1072,76,0,0
1073,76,0,0
1074,76,0,0
1075,76,0,0
1076,76,0,0
1077,76,0,0
1078,76,0,0
1079,76,0,0
1080,76,0,0
1081,76,0,0
1082,76,0,0
1083,76,0,0
1084,76,0,0
1085,76,0,0
1086,76,0,0
1087,76,0,0
1088,76,0,0
1089,76,0,0
1090,76,0,0
1091,76,0,0
1092,76,0,0
1093,76,0,0
1094,76,0,0
1095,76,0,0
1096,76,0,0
1097,76,0,0
1098,76,0,0
1099,76,0,0
1100,76,0,0
1101,76,0,0
1102,76,0,0
1103,76,0,0
1104,76,0,0
1105,76,0,0
1106,76,0,0
1107,76,0,0
1108,76,0,0
1109,76,0,0
1110,76,0,0
1111,76,0,0
65,77,0,0
1162,77,0,0
1163,77,0,0
1164,77,0,0
1165,77,0,0
1166,77,0,0
1167,77,0,0
1168,77,0,0
1169,77,0,0
1170,77,0,0
1171,77,0,0
1172,77,0,0
1173,77,0,0
1174,77,0,0
1175,77,0,0
1176,77,0,0
1177,77,0,0
1178,77,0,0
1179,77,0,0
1180,77,0,0
1181,77,0,0
1182,77,0,0
1183,77,0,0
1184,77,0,0
1185,77,0,0
1186,77,0,0
1187,77,0,0
1188,77,0,0
1189,77,0,0
1190,77,0,0
1191,77,0,0
1192,77,0,0
1193,77,0,0
1194,77,0,0
1195,77,0,0
1196,77,0,0
1197,77,0,0
71,78,0,0
1162,78,0,0
1163,78,0,0
1164,78,0,0
1165,78,0,0
1166,78,0,0
1167,78,0,0
1168,78,0,0
1169,78,0,0
1170,78,0,0
1171,78,0,0
1172,78,0,0
1173,78,0,0
1174,78,0,0
1175,78,0,0
1176,78,0,0
1177,78,0,0
1178,78,0,0
1179,78,0,0
1180,78,0,0
1181,78,0,0
1182,78,0,0
1183,78,0,0
1184,78,0,0
1185,78,0,0
1186,78,0,0
1187,78,0,0
1188,78,0,0
1189,78,0,0
1190,78,0,0
1191,78,0,0
1192,78,0,0
1193,78,0,0
1194,78,0,0
1195,78,0,0
1196,78,0,0
1197,78,0,0
67,79,0,0
1162,79,0,0
1163,79,0,0
1164,79,0,0
1165,79,0,0
1166,79,0,0
1167,79,0,0
1168,79,0,0
1169,79,0,0
1170,79,0,0
1171,79,0,0
1172,79,0,0
1173,79,0,0
1174,79,0,0
1175,79,0,0
1176,79,0,0
1177,79,0,0
1178,79,0,0
1179,79,0,0
1180,79,0,0
1181,79,0,0
1182,79,0,0
1183,79,0,0
1184,79,0,0
1185,79,0,0
1186,79,0,0
1187,79,0,0
1188,79,0,0
1189,79,0,0
1190,79,0,0
1191,79,0,0
1192,79,0,0
1193,79,0,0
1194,79,0,0
1195,79,0,0
1196,79,0,0
1197,79,0,0
491,80,0,0
1162,80,0,0
1163,80,0,0
1164,80,0,0
1165,80,0,0
1166,80,0,0
1167,80,0,0
1168,80,0,0
1169,80,0,0
1170,80,0,0
1171,80,0,0
1172,80,0,0
1173,80,0,0
1174,80,0,0
1175,80,0,0
1176,80,0,0
1177,80,0,0
1178,80,0,0
1179,80,0,0
1180,80,0,0
1181,80,0,0
1182,80,0,0
1183,80,0,0
1184,80,0,0
1185,80,0,0
1186,80,0,0
1187,80,0,0
1188,80,0,0
1189,80,0,0
1190,80,0,0
1191,80,0,0
1192,80,0,0
1193,80,0,0
1194,80,0,0
1195,80,0,0
1196,80,0,0
1197,80,0,0
342,81,0,0
1162,81,0,0
1163,81,0,0
1164,81,0,0
1165,81,0,0
1166,81,0,0
1167,81,0,0
1168,81,0,0
1169,81,0,0
1170,81,0,0
1171,81,0,0
1172,81,0,0
1173,81,0,0
1174,81,0,0
1175,81,0,0
1176,81,0,0
1177,81,0,0
1178,81,0,0
1179,81,0,0
1180,81,0,0
1181,81,0,0
1182,81,0,0
1183,81,0,0
1184,81,0,0
1185,81,0,0
1186,81,0,0
1187,81,0,0
1188,81,0,0
1189,81,0,0
1190,81,0,0
1191,81,0,0
1192,81,0,0
1193,81,0,0
1194,81,0,0
1195,81,0,0
1196,81,0,0
1197,81,0,0
61,82,0,0
1198,82,0,0
1199,82,0,0
1200,82,0,0
1201,82,0,0
1202,82,0,0
1203,82,0,0
1204,82,0,0
1205,82,0,0
1206,82,0,0
1207,82,0,0
1208,82,0,0
1209,82,0,0
1210,82,0,0
1211,82,0,0
1212,82,0,0
1213,82,0,0
1214,82,0,0
1215,82,0,0
1216,82,0,0
1217,82,0,0
1218,82,0,0
1219,82,0,0
1220,82,0,0
1221,82,0,0
1222,82,0,0
1223,82,0,0
1224,82,0,0
1225,82,0,0
1226,82,0,0
1227,82,0,0
1228,82,0,0
1229,82,0,0
1230,82,0,0
1231,82,0,0
1232,82,0,0
1233,82,0,0
71,83,0,0
1198,83,0,0
1199,83,0,0
1200,83,0,0
1201,83,0,0
1202,83,0,0
1203,83,0,0
1204,83,0,0
1205,83,0,0
1206,83,0,0
1207,83,0,0
1208,83,0,0
1209,83,0,0
1210,83,0,0
1211,83,0,0
1212,83,0,0
1213,83,0,0
1214,83,0,0
1215,83,0,0
1216,83,0,0
1217,83,0,0
1218,83,0,0
1219,83,0,0
1220,83,0,0
1221,83,0,0
1222,83,0,0
1223,83,0,0
1224,83,0,0
1225,83,0,0
1226,83,0,0
1227,83,0,0
1228,83,0,0
1229,83,0,0
1230,83,0,0
1231,83,0,0
1232,83,0,0
1233,83,0,0
67,84,0,0
1198,84,0,0
1199,84,0,0
1200,84,0,0
1201,84,0,0
1202,84,0,0
1203,84,0,0
1204,84,0,0
1205,84,0,0
1206,84,0,0
1207,84,0,0
1208,84,0,0
1209,84,0,0
1210,84,0,0
1211,84,0,0
1212,84,0,0
1213,84,0,0
1214,84,0,0
1215,84,0,0
1216,84,0,0
1217,84,0,0
1218,84,0,0
1219,84,0,0
1220,84,0,0
1221,84,0,0
1222,84,0,0
1223,84,0,0
1224,84,0,0
1225,84,0,0
1226,84,0,0
1227,84,0,0
1228,84,0,0
1229,84,0,0
1230,84,0,0
1231,84,0,0
1232,84,0,0
1233,84,0,0
487,85,0,0
1198,85,0,0
1199,85,0,0
1200,85,0,0
1201,85,0,0
1202,85,0,0
1203,85,0,0
1204,85,0,0
1205,85,0,0
1206,85,0,0
1207,85,0,0
1208,85,0,0
1209,85,0,0
1210,85,0,0
1211,85,0,0
1212,85,0,0
1213,85,0,0
1214,85,0,0
1215,85,0,0
1216,85,0,0
1217,85,0,0
1218,85,0,0
1219,85,0,0
1220,85,0,0
1221,85,0,0
1222,85,0,0
1223,85,0,0
1224,85,0,0
1225,85,0,0
1226,85,0,0
1227,85,0,0
1228,85,0,0
1229,85,0,0
1230,85,0,0
1231,85,0,0
1232,85,0,0
1233,85,0,0
489,86,0,0
1198,86,0,0
1199,86,0,0
1200,86,0,0
1201,86,0,0
1202,86,0,0
1203,86,0,0
1204,86,0,0
1205,86,0,0
1206,86,0,0
1207,86,0,0
1208,86,0,0
1209,86,0,0
1210,86,0,0
1211,86,0,0
1212,86,0,0
1213,86,0,0
1214,86,0,0
1215,86,0,0
1216,86,0,0
1217,86,0,0
1218,86,0,0
1219,86,0,0
1220,86,0,0
1221,86,0,0
1222,86,0,0
1223,86,0,0
1224,86,0,0
1225,86,0,0
1226,86,0,0
1227,86,0,0
1228,86,0,0
1229,86,0,0
1230,86,0,0
1231,86,0,0
1232,86,0,0
1233,86,0,0
58,87,0,0
1161,87,0,0
1234,87,2,2
1235,87,2,2
1236,87,2,2
1237,87,2,2
1238,87,2,2
1239,87,2,2
1240,87,1,1
1241,87,2,2
1242,87,1,1
1243,87,2,2
1244,87,3,2
1245,87,1,1
1246,87,2,2
1247,87,2,2
1248,87,2,2
1249,87,2,2
1250,87,3,2
1251,87,2,2
1252,87,1,1
1253,87,2,2
1254,87,1,1
1255,87,1,1
1256,87,2,2
1257,87,1,1
1258,87,1,1
1259,87,1,1
1260,87,3,2
1261,87,1,1
1262,87,2,2
1263,87,2,2
1264,87,2,2
1265,87,2,2
71,88,0,0
1234,88,0,0
1235,88,0,0
1236,88,0,0
1237,88,0,0
1238,88,0,0
1239,88,0,0
1240,88,0,0
1241,88,0,0
1242,88,0,0
1243,88,0,0
1244,88,0,0
1245,88,0,0
1246,88,0,0
1247,88,0,0
1248,88,0,0
1249,88,0,0
1250,88,0,0
1251,88,0,0
1252,88,0,0
1253,88,0,0
1254,88,0,0
1255,88,0,0
1256,88,0,0
1257,88,0,0
1258,88,0,0
1259,88,0,0
1260,88,0,0
1261,88,0,0
1262,88,0,0
1263,88,0,0
1264,88,0,0
1265,88,0,0
67,89,0,0
1234,89,0,0
1235,89,0,0
1236,89,0,0
1237,89,0,0
1238,89,0,0
1239,89,0,0
1240,89,0,0
1241,89,0,0
1242,89,0,0
1243,89,0,0
1244,89,0,0
1245,89,0,0
1246,89,0,0
1247,89,0,0
1248,89,0,0
1249,89,0,0
1250,89,0,0
1251,89,0,0
1252,89,0,0
1253,89,0,0
1254,89,0,0
1255,89,0,0
1256,89,0,0
1257,89,0,0
1258,89,0,0
1259,89,0,0
1260,89,0,0
1261,89,0,0
1262,89,0,0
1263,89,0,0
1264,89,0,0
1265,89,0,0
58,90,0,0
493,90,0,0
1234,90,0,0
1235,90,0,0
1236,90,0,0
1237,90,0,0
1238,90,0,0
1239,90,0,0
1240,90,0,0
1241,90,0,0
1242,90,0,0
1243,90,0,0
1244,90,0,0
1245,90,0,0
1246,90,0,0
1247,90,0,0
1248,90,0,0
1249,90,0,0
1250,90,0,0
1251,90,0,0
1252,90,0,0
1253,90,0,0
1254,90,0,0
1255,90,0,0
1256,90,0,0
1257,90,0,0
1258,90,0,0
1259,90,0,0
1260,90,0,0
1261,90,0,0
1262,90,0,0
1263,90,0,0
1264,90,0,0
1265,90,0,0
58,91,0,0
488,91,0,0
1234,91,0,0
1235,91,0,0
1236,91,0,0
1237,91,0,0
1238,91,0,0
1239,91,0,0
1240,91,0,0
1241,91,0,0
1242,91,0,0
1243,91,0,0
1244,91,0,0
1245,91,0,0
1246,91,0,0
1247,91,0,0
1248,91,0,0
1249,91,0,0
1250,91,0,0
1251,91,0,0
1252,91,0,0
1253,91,0,0
1254,91,0,0
1255,91,0,0
1256,91,0,0
1257,91,0,0
1258,91,0,0
1259,91,0,0
1260,91,0,0
1261,91,0,0
1262,91,0,0
1263,91,0,0
1264,91,0,0
1265,91,0,0
65,92,0,0
1266,92,0,0
1267,92,0,0
1268,92,0,0
1269,92,0,0
1270,92,0,0
1271,92,0,0
1272,92,0,0
1273,92,0,0
1274,92,0,0
1275,92,0,0
1276,92,0,0
1277,92,0,0
1278,92,0,0
1279,92,0,0
1280,92,0,0
1281,92,0,0
1282,92,0,0
1283,92,0,0
1284,92,0,0
1285,92,0,0
1286,92,0,0
1287,92,0,0
1288,92,0,0
1289,92,0,0
1290,92,0,0
1291,92,0,0
1292,92,0,0
1293,92,0,0
1294,92,0,0
1295,92,0,0
1296,92,0,0
1297,92,0,0
71,93,0,0
1266,93,0,0
1267,93,0,0
1268,93,0,0
1269,93,0,0
1270,93,0,0
1271,93,0,0
1272,93,0,0
1273,93,0,0
1274,93,0,0
1275,93,0,0
1276,93,0,0
1277,93,0,0
1278,93,0,0
1279,93,0,0
1280,93,0,0
1281,93,0,0
1282,93,0,0
1283,93,0,0
1284,93,0,0
1285,93,0,0
1286,93,0,0
1287,93,0,0
1288,93,0,0
1289,93,0,0
1290,93,0,0
1291,93,0,0
1292,93,0,0
1293,93,0,0
1294,93,0,0
1295,93,0,0
1296,93,0,0
1297,93,0,0
4,94,1,1
1266,94,3,3
1267,94,6,3
1268,94,5,3
1269,94,3,3
1270,94,3,3
1271,94,4,3
1272,94,3,3
1273,94,9,3
1274,94,4,3
1275,94,2,2
1276,94,2,2
1277,94,2,2
1278,94,7,3
1279,94,7,3
1280,94,3,3
1281,94,3,3
1282,94,6,3
1283,94,11,3
1284,94,3,3
1285,94,3,3
1286,94,3,3
1287,94,3,3
1288,94,3,3
1289,94,4,3
1290,94,11,3
1291,94,3,3
1292,94,3,3
1293,94,3,3
1294,94,3,3
1295,94,9,3
1296,94,3,3
1297,94,3,3
379,95,0,0
1266,95,0,0
1267,95,0,0
1268,95,0,0
1269,95,0,0
1270,95,0,0
1271,95,0,0
1272,95,0,0
1273,95,0,0
1274,95,0,0
1275,95,0,0
1276,95,0,0
1277,95,0,0
1278,95,0,0
1279,95,0,0
1280,95,0,0
1281,95,0,0
1282,95,0,0
1283,95,0,0
1284,95,0,0
1285,95,0,0
1286,95,0,0
1287,95,0,0
1288,95,0,0
1289,95,0,0
1290,95,0,0
1291,95,0,0
1292,95,0,0
1293,95,0,0
1294,95,0,0
1295,95,0,0
1296,95,0,0
1297,95,0,0
342,96,0,0
1266,96,0,0
1267,96,0,0
1268,96,0,0
1269,96,0,0
1270,96,0,0
1271,96,0,0
1272,96,0,0
1273,96,0,0
1274,96,0,0
1275,96,0,0
1276,96,0,0
1277,96,0,0
1278,96,0,0
1279,96,0,0
1280,96,0,0
1281,96,0,0
1282,96,0,0
1283,96,0,0
1284,96,0,0
1285,96,0,0
1286,96,0,0
1287,96,0,0
1288,96,0,0
1289,96,0,0
1290,96,0,0
1291,96,0,0
1292,96,0,0
1293,96,0,0
1294,96,0,0
1295,96,0,0
1296,96,0,0
1297,96,0,0
719,97,1,1
1298,97,2,1
1299,97,0,0
1300,97,3,1
1301,97,1,1
1302,97,1,1
1303,97,0,0
1304,97,1,1
1305,97,2,1
1306,97,2,1
1307,97,2,1
1308,97,0,0
1309,97,2,1
1310,97,2,1
1311,97,0,0
1312,97,2,1
1313,97,1,1
1314,97,3,1
1315,97,1,1
1316,97,1,1
1317,97,2,1
1318,97,0,0
1319,97,2,1
1320,97,1,1
1321,97,1,1
1322,97,2,1
1323,97,2,1
1324,97,1,1
1325,97,1,1
1326,97,1,1
1327,97,0,0
1328,97,0,0
71,98,0,0
1298,98,0,0
1299,98,0,0
1300,98,0,0
1301,98,0,0
1302,98,0,0
1303,98,0,0
1304,98,0,0
1305,98,0,0
1306,98,0,0
1307,98,0,0
1308,98,0,0
1309,98,0,0
1310,98,0,0
1311,98,0,0
1312,98,0,0
1313,98,0,0
1314,98,0,0
1315,98,0,0
1316,98,0,0
1317,98,0,0
1318,98,0,0
1319,98,0,0
1320,98,0,0
1321,98,0,0
1322,98,0,0
1323,98,0,0
1324,98,0,0
1325,98,0,0
1326,98,0,0
1327,98,0,0
1328,98,0,0
3,99,0,0
173,99,6,5
1298,99,7,5
1299,99,6,5
1300,99,9,5
1301,99,7,5
1302,99,6,5
1303,99,6,5
1304,99,6,5
1305,99,7,5
1306,99,10,5
1307,99,6,5
1308,99,5,5
1309,99,7,5
1310,99,7,5
1311,99,5,5
1312,99,6,5
1313,99,6,5
1314,99,7,5
1315,99,7,5
1316,99,6,5
1317,99,6,3
1318,99,8,4
1319,99,8,5
1320,99,5,5
1321,99,6,5
1322,99,8,5
1323,99,9,5
1324,99,7,5
1325,99,7,5
1326,99,4,4
1327,99,9,5
1328,99,6,5
486,100,0,0
1298,100,0,0
1299,100,0,0
1300,100,0,0
1301,100,0,0
1302,100,0,0
1303,100,0,0
1304,100,0,0
1305,100,0,0
1306,100,0,0
1307,100,0,0
1308,100,0,0
1309,100,0,0
1310,100,0,0
1311,100,0,0
1312,100,0,0
1313,100,0,0
1314,100,0,0
1315,100,0,0
1316,100,0,0
1317,100,0,0
1318,100,0,0
1319,100,0,0
1320,100,0,0
1321,100,0,0
1322,100,0,0
1323,100,0,0
1324,100,0,0
1325,100,0,0
1326,100,0,0
1327,100,0,0
1328,100,0,0
489,101,0,0
1298,101,0,0
1299,101,0,0
1300,101,0,0
1301,101,0,0
1302,101,0,0
1303,101,0,0
1304,101,0,0
1305,101,0,0
1306,101,0,0
1307,101,0,0
1308,101,0,0
1309,101,0,0
1310,101,0,0
1311,101,0,0
1312,101,0,0
1313,101,0,0
1314,101,0,0
1315,101,0,0
1316,101,0,0
1317,101,0,0
1318,101,0,0
1319,101,0,0
1320,101,0,0
1321,101,0,0
1322,101,0,0
1323,101,0,0
1324,101,0,0
1325,101,0,0
1326,101,0,0
1327,101,0,0
1328,101,0,0
817,102,0,0
1161,102,1,1
1329,102,2,2
1330,102,2,2
1331,102,2,2
1332,102,1,1
1333,102,1,1
1334,102,2,2
1335,102,0,0
1335,102,0,0
1336,102,2,2
1337,102,2,2
1338,102,2,2
1339,102,1,1
1340,102,1,1
1341,102,1,1
1342,102,3,2
1343,102,2,2
1344,102,1,1
1345,102,2,2
1346,102,1,1
1347,102,2,2
1348,102,2,2
1349,102,1,1
1350,102,2,2
1351,102,1,1
1352,102,2,2
1353,102,2,2
1354,102,2,2
1355,102,1,1
1356,102,1,1
71,103,0,0
817,103,0,0
1329,103,0,0
1330,103,0,0
1331,103,0,0
1332,103,0,0
1333,103,0,0
1334,103,0,0
1335,103,0,0
1336,103,0,0
1337,103,0,0
1338,103,0,0
1339,103,0,0
1340,103,0,0
1341,103,0,0
1342,103,0,0
1343,103,0,0
1344,103,0,0
1345,103,0,0
1346,103,0,0
1347,103,0,0
1348,103,0,0
1349,103,0,0
1350,103,0,0
1351,103,0,0
1352,103,0,0
1353,103,0,0
1354,103,0,0
1355,103,0,0
1356,103,0,0
61,104,0,0
817,104,0,0
1329,104,0,0
1330,104,0,0
1331,104,0,0
1332,104,0,0
1333,104,0,0
1334,104,0,0
1335,104,0,0
1336,104,0,0
1337,104,0,0
1338,104,0,0
1339,104,0,0
1340,104,0,0
1341,104,0,0
1342,104,0,0
1343,104,0,0
1344,104,0,0
1345,104,0,0
1346,104,0,0
1347,104,0,0
1348,104,0,0
1349,104,0,0
1350,104,0,0
1351,104,0,0
1352,104,0,0
1353,104,0,0
1354,104,0,0
1355,104,0,0
1356,104,0,0
492,105,0,0
817,105,0,0
1329,105,0,0
1330,105,0,0
1331,105,0,0
1332,105,0,0
1333,105,0,0
1334,105,0,0
1335,105,0,0
1336,105,0,0
1337,105,0,0
1338,105,0,0
1339,105,0,0
1340,105,0,0
1341,105,0,0
1342,105,0,0
1343,105,0,0
1344,105,0,0
1345,105,0,0
1346,105,0,0
1347,105,0,0
1348,105,0,0
1349,105,0,0
1350,105,0,0
1351,105,0,0
1352,105,0,0
1353,105,0,0
1354,105,0,0
1355,105,0,0
1356,105,0,0
490,106,0,0
817,106,0,0
1329,106,0,0
1330,106,0,0
1331,106,0,0
1332,106,0,0
1333,106,0,0
1334,106,0,0
1335,106,0,0
1336,106,0,0
1337,106,0,0
1338,106,0,0
1339,106,0,0
1340,106,0,0
1341,106,0,0
1342,106,0,0
1343,106,0,0
1344,106,0,0
1345,106,0,0
1346,106,0,0
1347,106,0,0
1348,106,0,0
1349,106,0,0
1350,106,0,0
1351,106,0,0
1352,106,0,0
1353,106,0,0
1354,106,0,0
1355,106,0,0
1356,106,0,0
62,107,0,0
68,107,0,0
879,107,8,7
942,107,0,0
1112,107,0,0
1113,107,0,0
1114,107,0,0
1116,107,1,1
1135,107,0,0
1147,107,0,0
1363,107,0,0
1364,107,0,0
1365,107,3,1
1366,107,4,4
1367,107,0,0
1368,107,0,0
1369,107,0,0
1370,107,0,0
1371,107,1,1
1372,107,9,5
1373,107,1,1
1374,107,0,0
1375,107,5,5
1376,107,1,1
1377,107,0,0
1378,107,6,6
1379,107,0,0
1380,107,0,0
1381,107,0,0
1382,107,5,5
1383,107,0,0
1384,107,0,0
1385,107,1,1
1386,107,4,4
1387,107,0,0
1388,107,0,0
1389,107,5,5
61,110,0,0
71,110,0,0
197,110,0,0
198,110,0,0
199,110,0,0
200,110,0,0
201,110,0,0
202,110,0,0
203,110,0,0
204,110,0,0
205,110,0,0
206,110,0,0
207,110,0,0
208,110,0,0
209,110,0,0
210,110,0,0
211,110,0,0
212,110,0,0
213,110,0,0
214,110,0,0
215,110,0,0
216,110,0,0
217,110,0,0
218,110,0,0
219,110,0,0
220,110,0,0
221,110,0,0
222,110,0,0
223,110,0,0
224,110,0,0
225,110,0,0
226,110,0,0
227,110,0,0
228,110,0,0
229,110,0,0
230,110,0,0
231,110,0,0
232,110,0,0
233,110,0,0
234,110,0,0
235,110,0,0
236,110,0,0
237,110,0,0
238,110,0,0
239,110,0,0
61,111,0,0
69,111,0,0
197,111,0,0
198,111,0,0
199,111,0,0
200,111,0,0
201,111,0,0
202,111,0,0
203,111,0,0
204,111,0,0
205,111,0,0
206,111,0,0
207,111,0,0
208,111,0,0
209,111,0,0
210,111,0,0
211,111,0,0
212,111,0,0
213,111,0,0
214,111,0,0
215,111,0,0
216,111,0,0
217,111,0,0
218,111,0,0
219,111,0,0
220,111,0,0
221,111,0,0
222,111,0,0
223,111,0,0
224,111,0,0
225,111,0,0
226,111,0,0
227,111,0,0
228,111,0,0
229,111,0,0
230,111,0,0
231,111,0,0
232,111,0,0
233,111,0,0
234,111,0,0
235,111,0,0
236,111,0,0
237,111,0,0
238,111,0,0
239,111,0,0
1415,111,0,0
61,112,0,0
69,112,0,0
197,112,0,0
198,112,0,0
199,112,0,0
200,112,0,0
201,112,0,0
202,112,0,0
203,112,0,0
204,112,0,0
205,112,0,0
206,112,0,0
207,112,0,0
208,112,0,0
209,112,0,0
210,112,0,0
211,112,0,0
212,112,0,0
213,112,0,0
214,112,0,0
215,112,0,0
216,112,0,0
217,112,0,0
218,112,0,0
219,112,0,0
220,112,0,0
221,112,0,0
222,112,0,0
223,112,0,0
224,112,0,0
225,112,0,0
226,112,0,0
227,112,0,0
228,112,0,0
229,112,0,0
230,112,0,0
231,112,0,0
232,112,0,0
233,112,0,0
234,112,0,0
235,112,0,0
236,112,0,0
237,112,0,0
238,112,0,0
239,112,0,0
61,113,0,0
197,113,0,0
198,113,0,0
199,113,0,0
200,113,0,0
201,113,0,0
202,113,0,0
203,113,0,0
204,113,0,0
205,113,0,0
206,113,0,0
207,113,0,0
208,113,0,0
209,113,0,0
210,113,0,0
211,113,0,0
212,113,0,0
213,113,0,0
214,113,0,0
215,113,0,0
216,113,0,0
217,113,0,0
218,113,0,0
219,113,0,0
220,113,0,0
221,113,0,0
222,113,0,0
223,113,0,0
224,113,0,0
225,113,0,0
226,113,0,0
227,113,0,0
228,113,0,0
229,113,0,0
230,113,0,0
231,113,0,0
232,113,0,0
233,113,0,0
234,113,0,0
235,113,0,0
236,113,0,0
237,113,0,0
238,113,0,0
239,113,0,0
1394,113,0,0
61,114,0,0
197,114,0,0
198,114,0,0
199,114,0,0
200,114,0,0
201,114,0,0
202,114,0,0
203,114,0,0
204,114,0,0
205,114,0,0
206,114,0,0
207,114,0,0
208,114,0,0
209,114,0,0
210,114,0,0
211,114,0,0
212,114,0,0
213,114,0,0
214,114,0,0
215,114,0,0
216,114,0,0
217,114,0,0
218,114,0,0
219,114,0,0
220,114,0,0
221,114,0,0
222,114,0,0
223,114,0,0
224,114,0,0
225,114,0,0
226,114,0,0
227,114,0,0
228,114,0,0
229,114,0,0
230,114,0,0
231,114,0,0
232,114,0,0
233,114,0,0
234,114,0,0
235,114,0,0
236,114,0,0
237,114,0,0
238,114,0,0
239,114,0,0
1392,114,0,0
65,115,0,0
71,115,0,0
72,115,0,0
73,115,0,0
74,115,0,0
75,115,0,0
76,115,0,0
77,115,0,0
78,115,0,0
79,115,0,0
80,115,0,0
81,115,0,0
82,115,0,0
83,115,0,0
84,115,0,0
85,115,0,0
86,115,0,0
87,115,0,0
88,115,0,0
89,115,0,0
90,115,0,0
91,115,0,0
92,115,0,0
93,115,0,0
94,115,0,0
95,115,0,0
96,115,0,0
97,115,0,0
98,115,0,0
99,115,0,0
100,115,0,0
101,115,0,0
102,115,0,0
103,115,0,0
104,115,0,0
105,115,0,0
106,115,0,0
107,115,0,0
108,115,0,0
109,115,0,0
110,115,0,0
111,115,0,0
112,115,0,0
113,115,0,0
1250,115,0,0
1263,115,0,0
1280,115,0,0
1295,115,0,0
1297,115,0,0
65,116,0,0
69,116,0,0
72,116,0,0
73,116,0,0
74,116,0,0
75,116,0,0
76,116,0,0
77,116,0,0
78,116,0,0
79,116,0,0
80,116,0,0
81,116,0,0
82,116,0,0
83,116,0,0
84,116,0,0
85,116,0,0
86,116,0,0
87,116,0,0
88,116,0,0
89,116,0,0
90,116,0,0
91,116,0,0
92,116,0,0
93,116,0,0
94,116,0,0
95,116,0,0
96,116,0,0
97,116,0,0
98,116,0,0
99,116,0,0
100,116,0,0
101,116,0,0
102,116,0,0
103,116,0,0
104,116,0,0
105,116,0,0
106,116,0,0
107,116,0,0
108,116,0,0
109,116,0,0
110,116,0,0
111,116,0,0
112,116,0,0
113,116,0,0
65,117,0,0
68,117,0,0
69,117,0,0
72,117,0,0
73,117,0,0
74,117,0,0
75,117,0,0
76,117,0,0
77,117,0,0
78,117,0,0
79,117,0,0
80,117,0,0
81,117,0,0
82,117,0,0
83,117,0,0
84,117,0,0
85,117,0,0
86,117,0,0
87,117,0,0
88,117,0,0
89,117,0,0
90,117,0,0
91,117,0,0
92,117,0,0
93,117,0,0
94,117,0,0
95,117,0,0
96,117,0,0
97,117,0,0
98,117,0,0
99,117,0,0
100,117,0,0
101,117,0,0
102,117,0,0
103,117,0,0
104,117,0,0
105,117,0,0
106,117,0,0
107,117,0,0
108,117,0,0
109,117,0,0
110,117,0,0
111,117,0,0
112,117,0,0
113,117,0,0
1415,117,0,0
61,118,0,0
72,118,0,0
73,118,0,0
74,118,0,0
75,118,0,0
76,118,0,0
77,118,0,0
78,118,0,0
79,118,0,0
80,118,0,0
81,118,0,0
82,118,0,0
83,118,0,0
84,118,0,0
85,118,0,0
86,118,0,0
87,118,0,0
88,118,0,0
89,118,0,0
90,118,0,0
91,118,0,0
92,118,0,0
93,118,0,0
94,118,0,0
95,118,0,0
96,118,0,0
97,118,0,0
98,118,0,0
99,118,0,0
100,118,0,0
101,118,0,0
102,118,0,0
103,118,0,0
104,118,0,0
105,118,0,0
106,118,0,0
107,118,0,0
108,118,0,0
109,118,0,0
110,118,0,0
111,118,0,0
112,118,0,0
113,118,0,0
1394,118,0,0
65,119,0,0
72,119,0,0
73,119,0,0
74,119,0,0
75,119,0,0
76,119,0,0
77,119,0,0
78,119,0,0
79,119,0,0
80,119,0,0
81,119,0,0
82,119,0,0
83,119,0,0
84,119,0,0
85,119,0,0
86,119,0,0
87,119,0,0
88,119,0,0
89,119,0,0
90,119,0,0
91,119,0,0
92,119,0,0
93,119,0,0
94,119,0,0
95,119,0,0
96,119,0,0
97,119,0,0
98,119,0,0
99,119,0,0
100,119,0,0
101,119,0,0
102,119,0,0
103,119,0,0
104,119,0,0
105,119,0,0
106,119,0,0
107,119,0,0
108,119,0,0
109,119,0,0
110,119,0,0
111,119,0,0
112,119,0,0
113,119,0,0
1392,119,0,0
62,120,0,0
64,120,0,0
114,120,0,0
115,120,0,0
116,120,0,0
117,120,0,0
118,120,0,0
119,120,0,0
120,120,0,0
121,120,0,0
122,120,0,0
123,120,0,0
124,120,0,0
125,120,0,0
126,120,0,0
127,120,0,0
128,120,0,0
129,120,0,0
130,120,0,0
131,120,0,0
132,120,0,0
133,120,0,0
135,120,0,0
136,120,0,0
137,120,0,0
138,120,0,0
139,120,0,0
140,120,0,0
141,120,0,0
142,120,0,0
143,120,0,0
144,120,0,0
145,120,0,0
146,120,0,0
147,120,0,0
148,120,0,0
149,120,0,0
151,120,0,0
152,120,0,0
153,120,0,0
154,120,0,0
3,121,0,0
62,121,0,0
69,121,0,0
114,121,7,7
115,121,5,5
116,121,6,6
117,121,7,7
118,121,16,8
119,121,6,6
120,121,7,7
121,121,7,7
122,121,9,8
123,121,6,6
124,121,6,6
125,121,6,6
126,121,6,6
127,121,7,7
128,121,0,0
129,121,9,4
130,121,6,6
131,121,6,6
132,121,15,9
133,121,6,6
135,121,6,6
136,121,7,6
137,121,8,7
138,121,4,4
139,121,7,7
140,121,13,8
141,121,7,7
142,121,6,6
143,121,3,3
144,121,7,6
145,121,6,6
146,121,4,4
147,121,7,7
148,121,7,7
149,121,6,6
151,121,7,7
152,121,5,5
153,121,0,0
154,121,6,4
62,122,0,0
71,122,0,0
114,122,0,0
115,122,0,0
116,122,0,0
117,122,0,0
118,122,0,0
119,122,0,0
120,122,0,0
121,122,0,0
122,122,0,0
123,122,0,0
124,122,0,0
125,122,0,0
126,122,0,0
127,122,0,0
128,122,0,0
129,122,0,0
130,122,0,0
131,122,0,0
132,122,0,0
133,122,0,0
135,122,0,0
136,122,0,0
137,122,0,0
138,122,0,0
139,122,0,0
140,122,0,0
141,122,0,0
142,122,0,0
143,122,0,0
144,122,0,0
145,122,0,0
146,122,0,0
147,122,0,0
148,122,0,0
149,122,0,0
151,122,0,0
152,122,0,0
153,122,0,0
154,122,0,0
62,123,0,0
67,123,0,0
69,123,0,0
114,123,0,0
115,123,0,0
116,123,0,0
117,123,0,0
118,123,0,0
119,123,0,0
120,123,0,0
121,123,0,0
122,123,0,0
123,123,0,0
124,123,0,0
125,123,0,0
126,123,0,0
127,123,0,0
128,123,0,0
129,123,0,0
130,123,0,0
131,123,0,0
132,123,0,0
133,123,0,0
135,123,0,0
136,123,0,0
137,123,0,0
138,123,0,0
139,123,0,0
140,123,0,0
141,123,0,0
142,123,0,0
143,123,0,0
144,123,0,0
145,123,0,0
146,123,0,0
147,123,0,0
148,123,0,0
149,123,0,0
151,123,0,0
152,123,0,0
153,123,0,0
154,123,0,0
62,124,0,0
69,124,0,0
114,124,0,0
115,124,0,0
116,124,0,0
117,124,0,0
118,124,0,0
119,124,0,0
120,124,0,0
121,124,0,0
122,124,0,0
123,124,0,0
124,124,0,0
125,124,0,0
126,124,0,0
127,124,0,0
128,124,0,0
129,124,0,0
130,124,0,0
131,124,0,0
132,124,0,0
133,124,0,0
135,124,0,0
136,124,0,0
137,124,0,0
138,124,0,0
139,124,0,0
140,124,0,0
141,124,0,0
142,124,0,0
143,124,0,0
144,124,0,0
145,124,0,0
146,124,0,0
147,124,0,0
148,124,0,0
149,124,0,0
151,124,0,0
152,124,0,0
153,124,0,0
154,124,0,0
817,124,0,0
62,125,0,0
67,125,0,0
114,125,0,0
115,125,0,0
116,125,0,0
117,125,0,0
118,125,0,0
119,125,0,0
120,125,0,0
121,125,0,0
122,125,0,0
123,125,0,0
124,125,0,0
125,125,0,0
126,125,0,0
127,125,0,0
128,125,0,0
129,125,0,0
130,125,0,0
131,125,0,0
132,125,0,0
133,125,0,0
135,125,0,0
136,125,0,0
137,125,0,0
138,125,0,0
139,125,0,0
140,125,0,0
141,125,0,0
142,125,0,0
143,125,0,0
144,125,0,0
145,125,0,0
146,125,0,0
147,125,0,0
148,125,0,0
149,125,0,0
151,125,0,0
152,125,0,0
153,125,0,0
154,125,0,0
64,126,0,0
66,126,0,0
155,126,0,0
156,126,0,0
157,126,0,0
158,126,0,0
159,126,0,0
160,126,0,0
161,126,0,0
162,126,0,0
163,126,0,0
164,126,0,0
165,126,0,0
166,126,0,0
167,126,0,0
168,126,0,0
169,126,0,0
170,126,0,0
171,126,0,0
172,126,0,0
173,126,0,0
174,126,0,0
175,126,0,0
176,126,0,0
177,126,0,0
178,126,0,0
179,126,0,0
180,126,0,0
181,126,0,0
182,126,0,0
183,126,0,0
184,126,0,0
185,126,0,0
186,126,0,0
187,126,0,0
188,126,0,0
189,126,0,0
190,126,0,0
191,126,0,0
192,126,0,0
193,126,0,0
4,127,0,0
66,127,0,0
69,127,0,0
155,127,4,4
156,127,4,4
157,127,0,0
158,127,5,4
159,127,4,4
160,127,2,1
161,127,4,4
162,127,0,0
163,127,4,4
164,127,13,4
165,127,2,2
166,127,5,4
167,127,5,4
168,127,6,4
169,127,4,4
170,127,4,4
171,127,0,0
172,127,0,0
173,127,4,4
174,127,4,4
175,127,4,4
176,127,4,4
177,127,4,4
178,127,4,4
179,127,0,0
180,127,4,4
181,127,4,4
182,127,4,4
183,127,0,0
184,127,9,4
185,127,10,4
186,127,5,4
187,127,0,0
188,127,5,4
189,127,0,0
190,127,8,4
191,127,4,4
192,127,4,4
193,127,7,4
66,128,0,0
71,128,0,0
155,128,0,0
156,128,0,0
157,128,0,0
158,128,0,0
159,128,0,0
160,128,0,0
161,128,0,0
162,128,0,0
163,128,0,0
164,128,0,0
165,128,0,0
166,128,0,0
167,128,0,0
168,128,0,0
169,128,0,0
170,128,0,0
171,128,0,0
172,128,0,0
173,128,0,0
174,128,0,0
175,128,0,0
176,128,0,0
177,128,0,0
178,128,0,0
179,128,0,0
180,128,0,0
181,128,0,0
182,128,0,0
183,128,0,0
184,128,0,0
185,128,0,0
186,128,0,0
187,128,0,0
188,128,0,0
189,128,0,0
190,128,0,0
191,128,0,0
192,128,0,0
193,128,0,0
66,129,0,0
67,129,0,0
69,129,0,0
155,129,0,0
156,129,0,0
157,129,0,0
158,129,0,0
159,129,0,0
160,129,0,0
161,129,0,0
162,129,0,0
163,129,0,0
164,129,0,0
165,129,0,0
166,129,0,0
167,129,0,0
168,129,0,0
169,129,0,0
170,129,0,0
171,129,0,0
172,129,0,0
173,129,0,0
174,129,0,0
175,129,0,0
176,129,0,0
177,129,0,0
178,129,0,0
179,129,0,0
180,129,0,0
181,129,0,0
182,129,0,0
183,129,0,0
184,129,0,0
185,129,0,0
186,129,0,0
187,129,0,0
188,129,0,0
189,129,0,0
190,129,0,0
191,129,0,0
192,129,0,0
193,129,0,0
62,130,0,0
66,130,0,0
69,130,0,0
155,130,0,0
156,130,0,0
157,130,0,0
158,130,0,0
159,130,0,0
160,130,0,0
161,130,0,0
162,130,0,0
163,130,0,0
164,130,0,0
165,130,0,0
166,130,0,0
167,130,0,0
168,130,0,0
169,130,0,0
170,130,0,0
171,130,0,0
172,130,0,0
173,130,0,0
174,130,0,0
175,130,0,0
176,130,0,0
177,130,0,0
178,130,0,0
179,130,0,0
180,130,0,0
181,130,0,0
182,130,0,0
183,130,0,0
184,130,0,0
185,130,0,0
186,130,0,0
187,130,0,0
188,130,0,0
189,130,0,0
190,130,0,0
191,130,0,0
192,130,0,0
193,130,0,0
817,130,0,0
66,131,0,0
67,131,0,0
155,131,0,0
156,131,0,0
157,131,0,0
158,131,0,0
159,131,0,0
160,131,0,0
161,131,0,0
162,131,0,0
163,131,0,0
164,131,0,0
165,131,0,0
166,131,0,0
167,131,0,0
168,131,0,0
169,131,0,0
170,131,0,0
171,131,0,0
172,131,0,0
173,131,0,0
174,131,0,0
175,131,0,0
176,131,0,0
177,131,0,0
178,131,0,0
179,131,0,0
180,131,0,0
181,131,0,0
182,131,0,0
183,131,0,0
184,131,0,0
185,131,0,0
186,131,0,0
187,131,0,0
188,131,0,0
189,131,0,0
190,131,0,0
191,131,0,0
192,131,0,0
193,131,0,0
1415,131,0,0
61,132,0,0
65,132,0,0
74,132,3,2
75,132,2,2
77,132,2,2
82,132,2,2
83,132,2,2
85,132,2,2
86,132,2,2
87,132,2,2
92,132,2,2
94,132,2,2
97,132,2,2
98,132,2,2
100,132,2,2
101,132,2,2
107,132,2,2
109,132,2,2
111,132,1,1
113,132,2,2
197,132,2,2
199,132,2,2
203,132,2,2
207,132,2,2
208,132,1,1
211,132,1,1
214,132,2,2
217,132,2,2
222,132,2,2
225,132,2,2
228,132,2,2
231,132,1,1
234,132,2,2
236,132,2,2
238,132,2,2
239,132,2,2
1391,132,0,0
61,133,0,0
65,133,0,0
76,133,0,0
78,133,0,0
79,133,0,0
80,133,0,0
81,133,0,0
84,133,0,0
88,133,0,0
89,133,0,0
90,133,0,0
91,133,0,0
93,133,0,0
95,133,0,0
96,133,0,0
99,133,0,0
102,133,0,0
103,133,0,0
104,133,0,0
105,133,0,0
106,133,0,0
108,133,0,0
110,133,0,0
112,133,0,0
198,133,0,0
200,133,0,0
201,133,0,0
202,133,0,0
204,133,0,0
205,133,0,0
206,133,0,0
209,133,0,0
210,133,0,0
212,133,0,0
213,133,0,0
215,133,0,0
216,133,0,0
218,133,0,0
219,133,0,0
221,133,0,0
223,133,0,0
224,133,0,0
226,133,0,0
227,133,0,0
229,133,0,0
230,133,0,0
232,133,0,0
233,133,0,0
235,133,0,0
237,133,0,0
1393,133,0,0
62,134,0,0
68,134,0,0
942,134,0,0
1112,134,0,0
1113,134,0,0
1114,134,0,0
1417,134,0,0
1418,134,0,0
1419,134,0,0
1420,134,1,1
1421,134,0,0
1422,134,1,1
1423,134,1,1
1424,134,0,0
1425,134,0,0
1426,134,0,0
1427,134,0,0
1428,134,0,0
1429,134,0,0
1430,134,0,0
1431,134,0,0
1432,134,4,3
1433,134,2,2
1434,134,0,0
1435,134,2,1
1436,134,0,0
1437,134,0,0
1438,134,0,0
1439,134,2,2
1440,134,0,0
1441,134,7,7
1442,134,0,0
1443,134,0,0
1444,134,2,2
1445,134,2,2
69,135,0,0
196,135,0,0
1162,135,0,0
1163,135,0,0
1164,135,0,0
1165,135,0,0
1166,135,0,0
1167,135,0,0
1168,135,0,0
1169,135,0,0
1170,135,0,0
1171,135,0,0
1172,135,0,0
1173,135,0,0
1174,135,0,0
1175,135,0,0
1176,135,0,0
1177,135,0,0
1178,135,0,0
1179,135,0,0
1180,135,0,0
1181,135,0,0
1182,135,0,0
1183,135,0,0
1184,135,0,0
1185,135,0,0
1186,135,0,0
1187,135,0,0
1188,135,0,0
1189,135,0,0
1190,135,0,0
1191,135,0,0
1192,135,0,0
1193,135,0,0
1194,135,0,0
1195,135,0,0
1196,135,0,0
1197,135,0,0
5,136,0,0
69,136,0,0
1162,136,0,0
1163,136,0,0
1164,136,0,0
1165,136,0,0
1166,136,0,0
1167,136,0,0
1168,136,0,0
1169,136,0,0
1170,136,0,0
1171,136,0,0
1172,136,0,0
1173,136,0,0
1174,136,0,0
1175,136,0,0
1176,136,0,0
1177,136,0,0
1178,136,0,0
1179,136,0,0
1180,136,0,0
1181,136,0,0
1182,136,0,0
1183,136,0,0
1184,136,0,0
1185,136,0,0
1186,136,0,0
1187,136,0,0
1188,136,0,0
1189,136,0,0
1190,136,0,0
1191,136,0,0
1192,136,0,0
1193,136,0,0
1194,136,0,0
1195,136,0,0
1196,136,0,0
1197,136,0,0
69,137,0,0
70,137,0,0
1162,137,0,0
1163,137,0,0
1164,137,0,0
1165,137,0,0
1166,137,0,0
1167,137,0,0
1168,137,0,0
1169,137,0,0
1170,137,0,0
1171,137,0,0
1172,137,0,0
1173,137,0,0
1174,137,0,0
1175,137,0,0
1176,137,0,0
1177,137,0,0
1178,137,0,0
1179,137,0,0
1180,137,0,0
1181,137,0,0
1182,137,0,0
1183,137,0,0
1184,137,0,0
1185,137,0,0
1186,137,0,0
1187,137,0,0
1188,137,0,0
1189,137,0,0
1190,137,0,0
1191,137,0,0
1192,137,0,0
1193,137,0,0
1194,137,0,0
1195,137,0,0
1196,137,0,0
1197,137,0,0
65,138,0,0
69,138,0,0
1162,138,0,0
1163,138,0,0
1164,138,0,0
1165,138,0,0
1166,138,0,0
1167,138,0,0
1168,138,0,0
1169,138,0,0
1170,138,0,0
1171,138,0,0
1172,138,0,0
1173,138,0,0
1174,138,0,0
1175,138,0,0
1176,138,0,0
1177,138,0,0
1178,138,0,0
1179,138,0,0
1180,138,0,0
1181,138,0,0
1182,138,0,0
1183,138,0,0
1184,138,0,0
1185,138,0,0
1186,138,0,0
1187,138,0,0
1188,138,0,0
1189,138,0,0
1190,138,0,0
1191,138,0,0
1192,138,0,0
1193,138,0,0
1194,138,0,0
1195,138,0,0
1196,138,0,0
1197,138,0,0
68,139,0,0
69,139,0,0
1162,139,0,0
1163,139,0,0
1164,139,0,0
1165,139,0,0
1166,139,0,0
1167,139,0,0
1168,139,0,0
1169,139,0,0
1170,139,0,0
1171,139,0,0
1172,139,0,0
1173,139,0,0
1174,139,0,0
1175,139,0,0
1176,139,0,0
1177,139,0,0
1178,139,0,0
1179,139,0,0
1180,139,0,0
1181,139,0,0
1182,139,0,0
1183,139,0,0
1184,139,0,0
1185,139,0,0
1186,139,0,0
1187,139,0,0
1188,139,0,0
1189,139,0,0
1190,139,0,0
1191,139,0,0
1192,139,0,0
1193,139,0,0
1194,139,0,0
1195,139,0,0
1196,139,0,0
1197,139,0,0
68,140,0,0
329,140,0,0
1198,140,0,0
1199,140,0,0
1200,140,0,0
1201,140,0,0
1202,140,0,0
1203,140,0,0
1204,140,0,0
1205,140,0,0
1206,140,0,0
1207,140,0,0
1208,140,0,0
1209,140,0,0
1210,140,0,0
1211,140,0,0
1212,140,0,0
1213,140,0,0
1214,140,0,0
1215,140,0,0
1216,140,0,0
1217,140,0,0
1218,140,0,0
1219,140,0,0
1220,140,0,0
1221,140,0,0
1222,140,0,0
1223,140,0,0
1224,140,0,0
1225,140,0,0
1226,140,0,0
1227,140,0,0
1228,140,0,0
1229,140,0,0
1230,140,0,0
1231,140,0,0
1232,140,0,0
1233,140,0,0
5,141,0,0
68,141,0,0
98,141,0,0
1198,141,0,0
1199,141,0,0
1200,141,0,0
1201,141,0,0
1202,141,0,0
1203,141,0,0
1204,141,0,0
1205,141,0,0
1206,141,0,0
1207,141,0,0
1208,141,0,0
1209,141,0,0
1210,141,0,0
1211,141,0,0
1212,141,0,0
1213,141,0,0
1214,141,0,0
1215,141,0,0
1216,141,0,0
1217,141,0,0
1218,141,0,0
1219,141,0,0
1220,141,0,0
1221,141,0,0
1222,141,0,0
1223,141,0,0
1224,141,0,0
1225,141,0,0
1226,141,0,0
1227,141,0,0
1228,141,0,0
1229,141,0,0
1230,141,0,0
1231,141,0,0
1232,141,0,0
1233,141,0,0
61,142,1,1
68,142,0,0
1198,142,6,6
1199,142,3,3
1200,142,6,5
1201,142,10,10
1202,142,8,8
1203,142,10,10
1204,142,10,10
1205,142,14,10
1206,142,2,2
1207,142,0,0
1208,142,2,2
1209,142,9,9
1210,142,9,9
1211,142,7,7
1212,142,20,12
1213,142,10,8
1214,142,9,4
1215,142,11,10
1216,142,7,7
1217,142,1,1
1218,142,10,10
1219,142,14,12
1220,142,8,8
1221,142,1,1
1222,142,10,10
1223,142,3,3
1224,142,12,12
1225,142,4,4
1226,142,21,11
1227,142,7,6
1228,142,15,12
1229,142,0,0
1230,142,1,1
1231,142,10,10
1232,142,11,11
1233,142,12,12
65,143,0,0
68,143,0,0
1198,143,0,0
1199,143,0,0
1200,143,0,0
1201,143,0,0
1202,143,0,0
1203,143,0,0
1204,143,0,0
1205,143,0,0
1206,143,0,0
1207,143,0,0
1208,143,0,0
1209,143,0,0
1210,143,0,0
1211,143,0,0
1212,143,0,0
1213,143,0,0
1214,143,0,0
1215,143,0,0
1216,143,0,0
1217,143,0,0
1218,143,0,0
1219,143,0,0
1220,143,0,0
1221,143,0,0
1222,143,0,0
1223,143,0,0
1224,143,0,0
1225,143,0,0
1226,143,0,0
1227,143,0,0
1228,143,0,0
1229,143,0,0
1230,143,0,0
1231,143,0,0
1232,143,0,0
1233,143,0,0
68,144,0,0
1198,144,0,0
1199,144,0,0
1200,144,0,0
1201,144,0,0
1202,144,0,0
1203,144,0,0
1204,144,0,0
1205,144,0,0
1206,144,0,0
1207,144,0,0
1208,144,0,0
1209,144,0,0
1210,144,0,0
1211,144,0,0
1212,144,0,0
1213,144,0,0
1214,144,0,0
1215,144,0,0
1216,144,0,0
1217,144,0,0
1218,144,0,0
1219,144,0,0
1220,144,0,0
1221,144,0,0
1222,144,0,0
1223,144,0,0
1224,144,0,0
1225,144,0,0
1226,144,0,0
1227,144,0,0
1228,144,0,0
1229,144,0,0
1230,144,0,0
1231,144,0,0
1232,144,0,0
1233,144,0,0
58,145,0,0
196,145,0,0
1234,145,0,0
1235,145,0,0
1236,145,0,0
1237,145,0,0
1238,145,0,0
1239,145,0,0
1240,145,0,0
1241,145,0,0
1242,145,0,0
1243,145,0,0
1244,145,0,0
1245,145,0,0
1246,145,0,0
1247,145,0,0
1248,145,0,0
1249,145,0,0
1250,145,0,0
1251,145,0,0
1252,145,0,0
1253,145,0,0
1254,145,0,0
1255,145,0,0
1256,145,0,0
1257,145,0,0
1258,145,0,0
1259,145,0,0
1260,145,0,0
1261,145,0,0
1262,145,0,0
1263,145,0,0
1264,145,0,0
1265,145,0,0
5,146,0,0
58,146,0,0
1234,146,0,0
1235,146,0,0
1236,146,0,0
1237,146,0,0
1238,146,0,0
1239,146,0,0
1240,146,0,0
1241,146,0,0
1242,146,0,0
1243,146,0,0
1244,146,0,0
1245,146,0,0
1246,146,0,0
1247,146,0,0
1248,146,0,0
1249,146,0,0
1250,146,0,0
1251,146,0,0
1252,146,0,0
1253,146,0,0
1254,146,0,0
1255,146,0,0
1256,146,0,0
1257,146,0,0
1258,146,0,0
1259,146,0,0
1260,146,0,0
1261,146,0,0
1262,146,0,0
1263,146,0,0
1264,146,0,0
1265,146,0,0
58,147,0,0
63,147,0,0
285,147,0,0
1234,147,2,2
1235,147,2,2
1236,147,4,3
1237,147,7,6
1238,147,0,0
1239,147,0,0
1240,147,0,0
1241,147,3,3
1242,147,3,3
1243,147,0,0
1244,147,3,3
1245,147,0,0
1246,147,1,1
1247,147,5,5
1248,147,2,2
1249,147,3,3
1250,147,2,2
1251,147,0,0
1252,147,3,2
1253,147,1,1
1254,147,8,7
1255,147,1,1
1256,147,6,6
1257,147,10,5
1258,147,6,4
1259,147,1,1
1260,147,3,3
1261,147,7,7
1262,147,4,3
1263,147,12,7
1264,147,7,7
1265,147,3,3
58,148,0,0
65,148,0,0
205,148,0,0
206,148,0,0
207,148,0,0
218,148,0,0
221,148,0,0
224,148,0,0
225,148,0,0
228,148,0,0
233,148,0,0
234,148,0,0
236,148,0,0
237,148,0,0
239,148,0,0
1234,148,0,0
1235,148,0,0
1236,148,0,0
1237,148,0,0
1238,148,0,0
1239,148,0,0
1240,148,0,0
1241,148,0,0
1242,148,0,0
1243,148,0,0
1244,148,0,0
1245,148,0,0
1246,148,0,0
1247,148,0,0
1248,148,0,0
1249,148,0,0
1250,148,0,0
1251,148,0,0
1252,148,0,0
1253,148,0,0
1254,148,0,0
1255,148,0,0
1256,148,0,0
1257,148,0,0
1258,148,0,0
1259,148,0,0
1260,148,0,0
1261,148,0,0
1262,148,0,0
1263,148,0,0
1264,148,0,0
1265,148,0,0
4,149,0,0
58,149,0,0
1234,149,1,1
1235,149,1,1
1236,149,2,1
1237,149,1,1
1238,149,1,1
1239,149,1,1
1240,149,1,1
1241,149,1,1
1242,149,1,1
1243,149,1,1
1244,149,1,1
1245,149,0,0
1246,149,1,1
1247,149,1,1
1248,149,1,1
1249,149,1,1
1250,149,1,1
1251,149,1,1
1252,149,1,1
1253,149,0,0
1254,149,1,1
1255,149,1,1
1256,149,1,1
1257,149,1,1
1258,149,1,1
1259,149,1,1
1260,149,1,1
1261,149,1,1
1262,149,1,1
1263,149,1,1
1264,149,1,1
1265,149,1,1
4,150,0,0
662,150,0,0
1266,150,0,0
1267,150,0,0
1268,150,0,0
1269,150,0,0
1270,150,0,0
1271,150,0,0
1272,150,0,0
1273,150,0,0
1274,150,0,0
1275,150,0,0
1276,150,0,0
1277,150,0,0
1278,150,0,0
1279,150,0,0
1280,150,0,0
1281,150,0,0
1282,150,0,0
1283,150,0,0
1284,150,0,0
1285,150,0,0
1286,150,0,0
1287,150,0,0
1288,150,0,0
1289,150,0,0
1290,150,0,0
1291,150,0,0
1292,150,0,0
1293,150,0,0
1294,150,0,0
1295,150,0,0
1296,150,0,0
1297,150,0,0
4,151,0,0
1266,151,0,0
1267,151,0,0
1268,151,0,0
1269,151,0,0
1270,151,0,0
1271,151,0,0
1272,151,0,0
1273,151,0,0
1274,151,0,0
1275,151,0,0
1276,151,0,0
1277,151,0,0
1278,151,0,0
1279,151,0,0
1280,151,0,0
1281,151,0,0
1282,151,0,0
1283,151,0,0
1284,151,0,0
1285,151,0,0
1286,151,0,0
1287,151,0,0
1288,151,0,0
1289,151,0,0
1290,151,0,0
1291,151,0,0
1292,151,0,0
1293,151,0,0
1294,151,0,0
1295,151,0,0
1296,151,0,0
1297,151,0,0
4,152,0,0
5,152,0,0
1266,152,0,0
1267,152,0,0
1268,152,0,0
1269,152,0,0
1270,152,0,0
1271,152,0,0
1272,152,0,0
1273,152,0,0
1274,152,0,0
1275,152,0,0
1276,152,0,0
1277,152,0,0
1278,152,0,0
1279,152,0,0
1280,152,0,0
1281,152,0,0
1282,152,0,0
1283,152,0,0
1284,152,0,0
1285,152,0,0
1286,152,0,0
1287,152,0,0
1288,152,0,0
1289,152,0,0
1290,152,0,0
1291,152,0,0
1292,152,0,0
1293,152,0,0
1294,152,0,0
1295,152,0,0
1296,152,0,0
1297,152,0,0
4,153,0,0
1266,153,1,1
1267,153,1,1
1268,153,1,1
1269,153,1,1
1270,153,1,1
1271,153,1,1
1272,153,0,0
1273,153,1,1
1274,153,1,1
1275,153,1,1
1276,153,1,1
1277,153,1,1
1278,153,1,1
1279,153,1,1
1280,153,1,1
1281,153,1,1
1282,153,1,1
1283,153,1,1
1284,153,1,1
1285,153,1,1
1286,153,1,1
1287,153,1,1
1288,153,1,1
1289,153,1,1
1290,153,0,0
1291,153,1,1
1292,153,1,1
1293,153,1,1
1294,153,1,1
1295,153,1,1
1296,153,1,1
1297,153,1,1
4,154,0,0
61,154,0,0
63,154,0,0
64,154,0,0
70,154,0,0
285,154,0,0
1266,154,7,7
1267,154,2,2
1268,154,3,3
1269,154,11,9
1270,154,5,5
1271,154,2,2
1272,154,12,11
1273,154,15,14
1274,154,4,4
1275,154,1,1
1276,154,1,1
1277,154,10,10
1278,154,9,7
1279,154,23,12
1280,154,8,7
1281,154,7,7
1282,154,9,8
1283,154,5,5
1284,154,8,8
1285,154,8,7
1286,154,10,10
1287,154,5,5
1288,154,5,5
1289,154,7,5
1290,154,0,0
1291,154,5,5
1292,154,7,7
1293,154,5,4
1294,154,3,3
1295,154,0,0
1296,154,4,4
1297,154,11,10
1413,154,0,0
3,155,0,0
196,155,0,0
1298,155,0,0
1299,155,0,0
1300,155,0,0
1301,155,0,0
1302,155,0,0
1303,155,0,0
1304,155,0,0
1305,155,0,0
1306,155,0,0
1307,155,0,0
1308,155,0,0
1309,155,0,0
1310,155,0,0
1311,155,0,0
1312,155,0,0
1313,155,0,0
1314,155,0,0
1315,155,0,0
1316,155,0,0
1317,155,0,0
1318,155,0,0
1319,155,0,0
1320,155,0,0
1321,155,0,0
1322,155,0,0
1323,155,0,0
1324,155,0,0
1325,155,0,0
1326,155,0,0
1327,155,0,0
1328,155,0,0
3,156,0,0
194,156,0,0
1298,156,0,0
1299,156,0,0
1300,156,0,0
1301,156,0,0
1302,156,0,0
1303,156,0,0
1304,156,0,0
1305,156,0,0
1306,156,0,0
1307,156,0,0
1308,156,0,0
1309,156,0,0
1310,156,0,0
1311,156,0,0
1312,156,0,0
1313,156,0,0
1314,156,0,0
1315,156,0,0
1316,156,0,0
1317,156,0,0
1318,156,0,0
1319,156,0,0
1320,156,0,0
1321,156,0,0
1322,156,0,0
1323,156,0,0
1324,156,0,0
1325,156,0,0
1326,156,0,0
1327,156,0,0
1328,156,0,0
3,157,0,0
5,157,0,0
1298,157,0,0
1299,157,0,0
1300,157,0,0
1301,157,0,0
1302,157,0,0
1303,157,0,0
1304,157,0,0
1305,157,0,0
1306,157,0,0
1307,157,0,0
1308,157,0,0
1309,157,0,0
1310,157,0,0
1311,157,0,0
1312,157,0,0
1313,157,0,0
1314,157,0,0
1315,157,0,0
1316,157,0,0
1317,157,0,0
1318,157,0,0
1319,157,0,0
1320,157,0,0
1321,157,0,0
1322,157,0,0
1323,157,0,0
1324,157,0,0
1325,157,0,0
1326,157,0,0
1327,157,0,0
1328,157,0,0
3,158,0,0
1298,158,3,3
1299,158,3,3
1300,158,3,3
1301,158,3,3
1302,158,3,3
1303,158,3,3
1304,158,3,3
1305,158,3,3
1306,158,2,2
1307,158,3,3
1308,158,2,2
1309,158,2,2
1310,158,4,3
1311,158,3,3
1312,158,3,3
1313,158,2,2
1314,158,3,3
1315,158,3,3
1316,158,3,3
1317,158,2,2
1318,158,2,2
1319,158,3,3
1320,158,3,3
1321,158,3,3
1322,158,3,3
1323,158,2,2
1324,158,3,3
1325,158,3,3
1326,158,3,3
1327,158,3,3
1328,158,3,3
3,159,0,0
64,159,0,0
226,159,0,0
1298,159,5,4
1299,159,4,4
1300,159,6,6
1301,159,9,9
1302,159,3,3
1303,159,2,2
1304,159,8,5
1305,159,2,2
1306,159,2,2
1307,159,4,4
1308,159,11,7
1309,159,1,1
1310,159,14,8
1311,159,1,1
1312,159,1,1
1313,159,1,1
1314,159,7,7
1315,159,7,6
1316,159,3,3
1317,159,2,2
1318,159,1,1
1319,159,8,8
1320,159,1,1
1321,159,10,9
1322,159,13,8
1323,159,9,9
1324,159,7,7
1325,159,10,10
1326,159,2,2
1327,159,1,1
1328,159,7,4
329,160,0,0
817,160,0,0
1329,160,0,0
1330,160,0,0
1331,160,0,0
1332,160,0,0
1333,160,0,0
1334,160,0,0
1335,160,0,0
1336,160,0,0
1337,160,0,0
1338,160,0,0
1339,160,0,0
1340,160,0,0
1341,160,0,0
1342,160,0,0
1343,160,0,0
1344,160,0,0
1345,160,0,0
1346,160,0,0
1347,160,0,0
1348,160,0,0
1349,160,0,0
1350,160,0,0
1351,160,0,0
1352,160,0,0
1353,160,0,0
1354,160,0,0
1355,160,0,0
1356,160,0,0
817,161,0,0
1329,161,0,0
1330,161,0,0
1331,161,0,0
1332,161,0,0
1333,161,0,0
1334,161,0,0
1335,161,0,0
1336,161,0,0
1337,161,0,0
1338,161,0,0
1339,161,0,0
1340,161,0,0
1341,161,0,0
1342,161,0,0
1343,161,0,0
1344,161,0,0
1345,161,0,0
1346,161,0,0
1347,161,0,0
1348,161,0,0
1349,161,0,0
1350,161,0,0
1351,161,0,0
1352,161,0,0
1353,161,0,0
1354,161,0,0
1355,161,0,0
1356,161,0,0
5,162,0,0
817,162,0,0
1329,162,0,0
1330,162,0,0
1331,162,0,0
1332,162,0,0
1333,162,0,0
1334,162,0,0
1335,162,0,0
1336,162,0,0
1337,162,0,0
1338,162,0,0
1339,162,0,0
1340,162,0,0
1341,162,0,0
1342,162,0,0
1343,162,0,0
1344,162,0,0
1345,162,0,0
1346,162,0,0
1347,162,0,0
1348,162,0,0
1349,162,0,0
1350,162,0,0
1351,162,0,0
1352,162,0,0
1353,162,0,0
1354,162,0,0
1355,162,0,0
1356,162,0,0
68,163,0,0
817,163,0,0
1329,163,0,0
1330,163,0,0
1331,163,0,0
1332,163,0,0
1333,163,0,0
1334,163,0,0
1335,163,0,0
1336,163,0,0
1337,163,0,0
1338,163,0,0
1339,163,0,0
1340,163,0,0
1341,163,0,0
1342,163,0,0
1343,163,0,0
1344,163,0,0
1345,163,0,0
1346,163,0,0
1347,163,0,0
1348,163,0,0
1349,163,0,0
1350,163,0,0
1351,163,0,0
1352,163,0,0
1353,163,0,0
1354,163,0,0
1355,163,0,0
1356,163,0,0
64,164,0,0
226,164,0,0
817,164,0,0
1329,164,6,6
1330,164,4,4
1331,164,6,6
1332,164,9,9
1333,164,9,8
1334,164,7,6
1335,164,1,1
1336,164,0,0
1337,164,2,2
1338,164,9,8
1339,164,7,5
1340,164,3,3
1341,164,8,8
1342,164,6,6
1343,164,1,1
1344,164,8,8
1345,164,0,0
1346,164,3,3
1347,164,1,1
1348,164,1,1
1349,164,1,1
1350,164,6,6
1351,164,5,5
1352,164,8,8
1353,164,0,0
1354,164,1,1
1355,164,1,1
1356,164,1,1
5,165,0,0
1447,165,0,0
1448,165,0,0
1449,165,0,0
1450,165,0,0
1451,165,0,0
1452,165,0,0
1453,165,0,0
1454,165,0,0
1455,165,0,0
1456,165,0,0
1457,165,0,0
1458,165,0,0
1459,165,0,0
