userid,courseid,viewed_resources,total_resources
5,5,6,13
45,5,7,13
46,5,2,13
47,5,7,13
48,5,7,13
49,5,7,13
50,5,7,13
51,5,6,13
52,5,3,13
53,5,5,13
54,5,7,13
55,5,6,13
56,5,2,13
57,5,7,13
285,5,1,13
196,10,0,1
197,10,0,1
198,10,0,1
199,10,0,1
200,10,0,1
201,10,0,1
202,10,0,1
203,10,0,1
204,10,0,1
205,10,0,1
206,10,0,1
207,10,0,1
208,10,1,1
209,10,0,1
210,10,0,1
211,10,0,1
212,10,0,1
213,10,0,1
214,10,0,1
215,10,0,1
216,10,0,1
217,10,0,1
218,10,0,1
219,10,0,1
220,10,0,1
221,10,0,1
222,10,0,1
223,10,0,1
224,10,1,1
225,10,0,1
226,10,0,1
227,10,0,1
228,10,1,1
229,10,0,1
230,10,0,1
231,10,0,1
232,10,1,1
233,10,0,1
234,10,0,1
235,10,0,1
236,10,0,1
237,10,0,1
238,10,0,1
239,10,1,1
5,11,2,31
61,11,2,31
197,11,10,31
198,11,12,31
199,11,14,31
200,11,15,31
201,11,15,31
202,11,14,31
203,11,11,31
204,11,14,31
205,11,14,31
206,11,15,31
207,11,12,31
208,11,14,31
209,11,14,31
210,11,16,31
211,11,14,31
212,11,14,31
213,11,14,31
214,11,15,31
215,11,16,31
216,11,15,31
217,11,14,31
218,11,12,31
219,11,10,31
220,11,2,31
221,11,15,31
222,11,15,31
223,11,15,31
224,11,9,31
225,11,12,31
226,11,14,31
227,11,15,31
228,11,13,31
229,11,15,31
230,11,16,31
231,11,14,31
232,11,15,31
233,11,12,31
234,11,11,31
235,11,13,31
236,11,12,31
237,11,14,31
238,11,15,31
239,11,15,31
285,11,5,31
195,12,0,1
197,12,0,1
198,12,0,1
199,12,0,1
200,12,0,1
201,12,0,1
202,12,0,1
203,12,1,1
204,12,0,1
205,12,1,1
206,12,0,1
207,12,0,1
208,12,0,1
209,12,0,1
210,12,0,1
211,12,0,1
212,12,1,1
213,12,0,1
214,12,0,1
215,12,0,1
216,12,0,1
217,12,0,1
218,12,0,1
219,12,0,1
220,12,0,1
221,12,0,1
222,12,0,1
223,12,0,1
224,12,0,1
225,12,1,1
226,12,0,1
227,12,0,1
228,12,0,1
229,12,0,1
230,12,0,1
231,12,0,1
232,12,0,1
233,12,0,1
234,12,1,1
235,12,0,1
236,12,0,1
237,12,0,1
238,12,0,1
239,12,0,1
70,13,0,1
197,13,0,1
198,13,0,1
199,13,0,1
200,13,0,1
201,13,0,1
202,13,0,1
203,13,0,1
204,13,0,1
205,13,0,1
206,13,0,1
207,13,0,1
208,13,0,1
209,13,0,1
210,13,0,1
211,13,0,1
212,13,0,1
213,13,0,1
214,13,0,1
215,13,0,1
216,13,1,1
217,13,0,1
218,13,0,1
219,13,0,1
220,13,0,1
221,13,0,1
222,13,0,1
223,13,0,1
224,13,0,1
225,13,0,1
226,13,0,1
227,13,0,1
228,13,0,1
229,13,0,1
230,13,0,1
231,13,0,1
232,13,0,1
233,13,1,1
234,13,0,1
235,13,0,1
236,13,0,1
237,13,0,1
238,13,0,1
239,13,0,1
68,14,0,1
197,14,0,1
198,14,0,1
199,14,0,1
200,14,0,1
201,14,0,1
202,14,0,1
203,14,0,1
204,14,0,1
205,14,0,1
206,14,0,1
207,14,0,1
208,14,0,1
209,14,0,1
210,14,0,1
211,14,0,1
212,14,0,1
213,14,0,1
214,14,0,1
215,14,0,1
216,14,0,1
217,14,0,1
218,14,0,1
219,14,0,1
220,14,0,1
221,14,0,1
222,14,0,1
223,14,0,1
224,14,0,1
225,14,0,1
226,14,0,1
227,14,0,1
228,14,1,1
229,14,0,1
230,14,0,1
231,14,0,1
232,14,0,1
233,14,0,1
234,14,0,1
235,14,0,1
236,14,0,1
237,14,0,1
238,14,0,1
239,14,0,1
65,16,0,1
72,16,1,1
73,16,0,1
74,16,0,1
75,16,1,1
76,16,0,1
77,16,0,1
78,16,0,1
79,16,0,1
80,16,0,1
81,16,0,1
82,16,1,1
83,16,1,1
84,16,1,1
85,16,0,1
86,16,0,1
87,16,0,1
88,16,0,1
89,16,0,1
90,16,1,1
91,16,0,1
92,16,0,1
93,16,0,1
94,16,0,1
95,16,0,1
96,16,1,1
97,16,1,1
98,16,0,1
99,16,1,1
100,16,1,1
101,16,0,1
102,16,1,1
103,16,0,1
104,16,0,1
105,16,0,1
106,16,0,1
107,16,0,1
108,16,0,1
109,16,1,1
110,16,0,1
111,16,0,1
112,16,0,1
113,16,0,1
196,16,0,1
5,17,3,30
61,17,0,30
65,17,5,30
72,17,14,30
73,17,15,30
74,17,14,30
75,17,16,30
76,17,14,30
77,17,15,30
78,17,15,30
79,17,14,30
80,17,15,30
81,17,15,30
82,17,13,30
83,17,15,30
84,17,16,30
85,17,15,30
86,17,15,30
87,17,15,30
88,17,6,30
89,17,13,30
90,17,13,30
91,17,15,30
92,17,15,30
93,17,14,30
94,17,12,30
95,17,15,30
96,17,14,30
97,17,11,30
98,17,15,30
99,17,16,30
100,17,16,30
101,17,15,30
102,17,16,30
103,17,17,30
104,17,15,30
105,17,12,30
106,17,14,30
107,17,13,30
108,17,14,30
109,17,15,30
110,17,14,30
111,17,11,30
112,17,15,30
113,17,15,30
285,17,3,30
62,18,5,20
65,18,13,20
72,18,13,20
73,18,13,20
74,18,12,20
75,18,13,20
76,18,12,20
77,18,13,20
78,18,13,20
79,18,11,20
80,18,12,20
81,18,10,20
82,18,13,20
83,18,12,20
84,18,13,20
85,18,12,20
86,18,12,20
87,18,13,20
88,18,2,20
89,18,12,20
90,18,13,20
91,18,12,20
92,18,13,20
93,18,13,20
94,18,8,20
95,18,13,20
96,18,13,20
97,18,6,20
98,18,13,20
99,18,13,20
100,18,13,20
101,18,12,20
102,18,13,20
103,18,13,20
104,18,13,20
105,18,12,20
106,18,13,20
107,18,13,20
108,18,13,20
109,18,13,20
110,18,12,20
111,18,12,20
112,18,13,20
113,18,13,20
65,19,0,1
70,19,0,1
72,19,0,1
73,19,0,1
74,19,0,1
75,19,0,1
76,19,0,1
77,19,0,1
78,19,1,1
79,19,0,1
80,19,1,1
81,19,0,1
82,19,0,1
83,19,1,1
84,19,0,1
85,19,0,1
86,19,1,1
87,19,0,1
88,19,0,1
89,19,0,1
90,19,0,1
91,19,0,1
92,19,0,1
93,19,0,1
94,19,0,1
95,19,0,1
96,19,0,1
97,19,0,1
98,19,0,1
99,19,0,1
100,19,1,1
101,19,1,1
102,19,1,1
103,19,0,1
104,19,0,1
105,19,1,1
106,19,0,1
107,19,0,1
108,19,1,1
109,19,0,1
110,19,0,1
111,19,0,1
112,19,0,1
113,19,0,1
65,20,0,1
68,20,0,1
72,20,0,1
73,20,0,1
74,20,1,1
75,20,0,1
76,20,0,1
77,20,1,1
78,20,0,1
79,20,0,1
80,20,1,1
81,20,0,1
82,20,0,1
83,20,0,1
84,20,0,1
85,20,0,1
86,20,1,1
87,20,1,1
88,20,0,1
89,20,0,1
90,20,0,1
91,20,1,1
92,20,0,1
93,20,1,1
94,20,0,1
95,20,0,1
96,20,0,1
97,20,0,1
98,20,0,1
99,20,0,1
100,20,0,1
101,20,1,1
102,20,0,1
103,20,0,1
104,20,1,1
105,20,0,1
106,20,0,1
107,20,0,1
108,20,0,1
109,20,1,1
110,20,0,1
111,20,0,1
112,20,0,1
113,20,0,1
114,22,0,1
115,22,0,1
116,22,1,1
117,22,0,1
118,22,1,1
119,22,0,1
120,22,1,1
121,22,0,1
122,22,1,1
123,22,0,1
124,22,0,1
125,22,0,1
126,22,0,1
127,22,1,1
128,22,1,1
129,22,1,1
130,22,0,1
131,22,1,1
132,22,1,1
133,22,1,1
134,22,0,1
135,22,1,1
136,22,0,1
137,22,0,1
138,22,0,1
139,22,0,1
140,22,0,1
141,22,0,1
142,22,1,1
143,22,1,1
144,22,0,1
145,22,0,1
146,22,1,1
147,22,1,1
148,22,0,1
149,22,1,1
150,22,1,1
151,22,1,1
152,22,0,1
153,22,0,1
154,22,0,1
5,23,2,28
61,23,11,28
114,23,14,28
115,23,14,28
116,23,14,28
117,23,14,28
118,23,14,28
119,23,15,28
120,23,15,28
121,23,15,28
122,23,15,28
123,23,14,28
124,23,15,28
125,23,15,28
126,23,14,28
127,23,13,28
128,23,12,28
129,23,9,28
130,23,14,28
131,23,13,28
132,23,15,28
133,23,11,28
134,23,0,28
135,23,15,28
136,23,15,28
137,23,15,28
138,23,15,28
139,23,15,28
140,23,14,28
141,23,15,28
142,23,15,28
143,23,15,28
144,23,11,28
145,23,12,28
146,23,14,28
147,23,15,28
148,23,14,28
149,23,8,28
150,23,14,28
151,23,14,28
152,23,14,28
153,23,0,28
154,23,10,28
71,24,22,25
114,24,21,25
115,24,19,25
116,24,17,25
117,24,19,25
118,24,23,25
119,24,21,25
120,24,22,25
121,24,24,25
122,24,24,25
123,24,23,25
124,24,16,25
125,24,24,25
126,24,20,25
127,24,21,25
128,24,14,25
129,24,20,25
130,24,24,25
131,24,15,25
132,24,20,25
133,24,17,25
134,24,0,25
135,24,25,25
136,24,23,25
137,24,23,25
138,24,23,25
139,24,24,25
140,24,25,25
141,24,22,25
142,24,24,25
143,24,24,25
144,24,24,25
145,24,14,25
146,24,22,25
147,24,23,25
148,24,17,25
149,24,25,25
150,24,19,25
151,24,20,25
152,24,21,25
153,24,0,25
154,24,19,25
68,25,2,32
69,25,29,32
114,25,21,32
115,25,16,32
116,25,14,32
117,25,24,32
118,25,23,32
119,25,24,32
120,25,31,32
121,25,26,32
122,25,31,32
123,25,24,32
124,25,27,32
125,25,23,32
126,25,21,32
127,25,19,32
128,25,5,32
129,25,21,32
130,25,18,32
131,25,8,32
132,25,28,32
133,25,15,32
134,25,0,32
135,25,26,32
136,25,23,32
137,25,23,32
138,25,13,32
139,25,21,32
140,25,32,32
141,25,28,32
142,25,23,32
143,25,28,32
144,25,18,32
145,25,22,32
146,25,22,32
147,25,29,32
148,25,16,32
149,25,26,32
150,25,18,32
151,25,25,32
152,25,27,32
153,25,0,32
154,25,10,32
114,26,0,1
115,26,0,1
116,26,0,1
117,26,0,1
118,26,0,1
119,26,1,1
120,26,1,1
121,26,0,1
122,26,0,1
123,26,0,1
124,26,0,1
125,26,0,1
126,26,1,1
127,26,0,1
128,26,0,1
129,26,0,1
130,26,0,1
131,26,1,1
132,26,0,1
133,26,0,1
134,26,0,1
135,26,1,1
136,26,1,1
137,26,0,1
138,26,0,1
139,26,0,1
140,26,0,1
141,26,1,1
142,26,1,1
143,26,1,1
144,26,0,1
145,26,0,1
146,26,0,1
147,26,1,1
148,26,0,1
149,26,1,1
150,26,1,1
151,26,0,1
152,26,1,1
153,26,1,1
154,26,0,1
194,26,0,1
155,28,0,1
156,28,0,1
157,28,0,1
158,28,1,1
159,28,1,1
160,28,0,1
161,28,0,1
162,28,0,1
163,28,1,1
164,28,0,1
165,28,0,1
166,28,0,1
167,28,0,1
168,28,0,1
169,28,0,1
170,28,1,1
171,28,1,1
172,28,0,1
173,28,0,1
174,28,1,1
175,28,0,1
176,28,0,1
177,28,0,1
178,28,0,1
179,28,0,1
180,28,1,1
181,28,0,1
182,28,0,1
183,28,0,1
184,28,1,1
185,28,0,1
186,28,1,1
187,28,0,1
188,28,0,1
189,28,0,1
190,28,0,1
191,28,0,1
192,28,1,1
193,28,1,1
5,29,2,27
61,29,3,27
155,29,15,27
156,29,15,27
157,29,2,27
158,29,15,27
159,29,13,27
160,29,12,27
161,29,15,27
162,29,15,27
163,29,13,27
164,29,14,27
165,29,15,27
166,29,14,27
167,29,15,27
168,29,15,27
169,29,15,27
170,29,15,27
171,29,13,27
172,29,0,27
173,29,15,27
174,29,11,27
175,29,8,27
176,29,13,27
177,29,15,27
178,29,7,27
179,29,0,27
180,29,13,27
181,29,15,27
182,29,15,27
183,29,3,27
184,29,15,27
185,29,15,27
186,29,15,27
187,29,14,27
188,29,10,27
189,29,15,27
190,29,15,27
191,29,13,27
192,29,15,27
193,29,15,27
71,30,22,25
155,30,21,25
156,30,24,25
157,30,0,25
158,30,14,25
159,30,17,25
160,30,12,25
161,30,21,25
162,30,21,25
163,30,20,25
164,30,21,25
165,30,25,25
166,30,22,25
167,30,19,25
168,30,22,25
169,30,21,25
170,30,24,25
171,30,25,25
172,30,0,25
173,30,19,25
174,30,25,25
175,30,21,25
176,30,17,25
177,30,24,25
178,30,7,25
179,30,0,25
180,30,13,25
181,30,25,25
182,30,23,25
183,30,0,25
184,30,24,25
185,30,25,25
186,30,23,25
187,30,17,25
188,30,5,25
189,30,18,25
190,30,25,25
191,30,14,25
192,30,23,25
193,30,23,25
69,31,15,30
155,31,25,30
156,31,20,30
157,31,0,30
158,31,23,30
159,31,21,30
160,31,2,30
161,31,23,30
162,31,20,30
163,31,18,30
164,31,12,30
165,31,26,30
166,31,15,30
167,31,21,30
168,31,21,30
169,31,18,30
170,31,26,30
171,31,21,30
172,31,0,30
173,31,18,30
174,31,4,30
175,31,28,30
176,31,22,30
177,31,22,30
178,31,18,30
179,31,0,30
180,31,14,30
181,31,21,30
182,31,30,30
183,31,0,30
184,31,19,30
185,31,22,30
186,31,17,30
187,31,19,30
188,31,16,30
189,31,12,30
190,31,21,30
191,31,18,30
192,31,24,30
193,31,24,30
155,32,0,1
156,32,0,1
157,32,0,1
158,32,1,1
159,32,0,1
160,32,0,1
161,32,0,1
162,32,0,1
163,32,0,1
164,32,0,1
165,32,1,1
166,32,0,1
167,32,1,1
168,32,1,1
169,32,0,1
170,32,1,1
171,32,1,1
172,32,0,1
173,32,1,1
174,32,0,1
175,32,0,1
176,32,0,1
177,32,1,1
178,32,0,1
179,32,0,1
180,32,1,1
181,32,1,1
182,32,1,1
183,32,0,1
184,32,1,1
185,32,1,1
186,32,1,1
187,32,1,1
188,32,0,1
189,32,0,1
190,32,1,1
191,32,1,1
192,32,1,1
193,32,0,1
194,32,0,1
5,34,8,32
240,34,16,32
241,34,15,32
242,34,11,32
243,34,10,32
244,34,15,32
245,34,17,32
246,34,13,32
247,34,14,32
248,34,19,32
249,34,11,32
250,34,14,32
251,34,16,32
252,34,14,32
253,34,15,32
254,34,0,32
255,34,13,32
256,34,15,32
257,34,18,32
258,34,14,32
259,34,15,32
260,34,15,32
261,34,18,32
262,34,16,32
263,34,15,32
264,34,8,32
265,34,17,32
266,34,12,32
267,34,13,32
268,34,19,32
269,34,17,32
270,34,15,32
271,34,1,32
272,34,15,32
273,34,15,32
274,34,12,32
275,34,15,32
276,34,15,32
277,34,15,32
278,34,17,32
279,34,2,32
280,34,13,32
281,34,11,32
282,34,13,32
283,34,17,32
284,34,16,32
285,34,5,32
4,35,0,17
5,35,6,17
58,35,0,17
62,35,0,17
65,35,7,17
66,35,0,17
68,35,5,17
69,35,5,17
70,35,7,17
71,35,2,17
285,35,3,17
286,35,14,17
287,35,14,17
288,35,15,17
289,35,14,17
290,35,10,17
291,35,8,17
292,35,1,17
293,35,0,17
294,35,15,17
295,35,6,17
296,35,14,17
297,35,0,17
298,35,5,17
299,35,7,17
300,35,1,17
301,35,6,17
302,35,9,17
303,35,15,17
304,35,17,17
305,35,4,17
306,35,0,17
307,35,8,17
308,35,5,17
309,35,1,17
310,35,18,17
311,35,13,17
312,35,12,17
313,35,0,17
314,35,0,17
315,35,4,17
316,35,2,17
317,35,14,17
318,35,5,17
319,35,14,17
320,35,0,17
321,35,16,17
322,35,15,17
323,35,14,17
324,35,6,17
325,35,0,17
326,35,14,17
327,35,14,17
328,35,16,17
329,35,0,17
330,35,0,17
331,35,0,17
332,35,1,17
333,35,9,17
334,35,0,17
335,35,9,17
336,35,14,17
337,35,16,17
338,35,0,17
339,35,17,17
340,35,0,17
342,35,16,17
343,35,15,17
344,35,15,17
345,35,2,17
346,35,5,17
347,35,12,17
5,36,5,22
58,36,0,22
62,36,4,22
65,36,0,22
66,36,0,22
68,36,0,22
69,36,8,22
70,36,1,22
71,36,0,22
285,36,0,22
320,36,9,22
321,36,0,22
325,36,18,22
342,36,0,22
343,36,0,22
345,36,0,22
346,36,8,22
349,36,0,22
350,36,16,22
351,36,0,22
352,36,7,22
353,36,5,22
354,36,17,22
355,36,0,22
356,36,21,22
357,36,10,22
358,36,0,22
359,36,0,22
360,36,0,22
361,36,14,22
362,36,14,22
363,36,9,22
364,36,8,22
365,36,0,22
366,36,6,22
367,36,14,22
368,36,14,22
369,36,2,22
370,36,0,22
371,36,0,22
372,36,0,22
373,36,13,22
374,36,0,22
375,36,0,22
376,36,12,22
377,36,6,22
378,36,0,22
379,36,0,22
380,36,12,22
381,36,11,22
382,36,6,22
383,36,10,22
384,36,3,22
385,36,12,22
386,36,13,22
387,36,6,22
388,36,16,22
389,36,15,22
390,36,14,22
391,36,10,22
392,36,15,22
393,36,5,22
394,36,9,22
395,36,11,22
396,36,4,22
397,36,13,22
398,36,10,22
399,36,9,22
400,36,16,22
401,36,0,22
402,36,8,22
403,36,11,22
404,36,1,22
405,36,16,22
406,36,2,22
407,36,9,22
408,36,1,22
409,36,8,22
5,37,2,23
58,37,0,23
62,37,0,23
65,37,0,23
66,37,0,23
67,37,13,23
68,37,7,23
69,37,11,23
70,37,1,23
71,37,0,23
285,37,0,23
293,37,16,23
308,37,16,23
410,37,19,23
411,37,18,23
412,37,8,23
413,37,7,23
414,37,16,23
415,37,18,23
416,37,18,23
417,37,17,23
418,37,10,23
419,37,11,23
420,37,12,23
421,37,16,23
422,37,11,23
423,37,15,23
424,37,1,23
425,37,18,23
426,37,16,23
427,37,17,23
428,37,2,23
429,37,17,23
430,37,18,23
431,37,0,23
432,37,5,23
433,37,16,23
434,37,15,23
435,37,18,23
436,37,6,23
437,37,17,23
438,37,18,23
439,37,13,23
440,37,17,23
441,37,4,23
442,37,0,23
443,37,16,23
444,37,0,23
445,37,0,23
446,37,0,23
447,37,10,23
448,37,4,23
449,37,0,23
450,37,4,23
451,37,0,23
452,37,0,23
453,37,20,23
5,38,1,23
58,38,0,23
62,38,0,23
65,38,4,23
66,38,3,23
67,38,17,23
70,38,2,23
71,38,0,23
285,38,0,23
348,38,14,23
378,38,12,23
434,38,20,23
444,38,0,23
445,38,0,23
446,38,1,23
448,38,13,23
449,38,7,23
450,38,0,23
451,38,0,23
454,38,19,23
455,38,17,23
456,38,16,23
457,38,15,23
458,38,13,23
459,38,8,23
460,38,5,23
461,38,8,23
462,38,14,23
463,38,15,23
464,38,17,23
465,38,0,23
466,38,0,23
467,38,4,23
468,38,0,23
469,38,13,23
470,38,8,23
471,38,16,23
472,38,11,23
473,38,2,23
474,38,19,23
475,38,10,23
476,38,9,23
477,38,11,23
478,38,12,23
479,38,0,23
480,38,0,23
481,38,0,23
482,38,5,23
483,38,3,23
484,38,0,23
485,38,0,23
486,38,3,23
487,38,0,23
488,38,0,23
489,38,18,23
490,38,12,23
491,38,0,23
492,38,0,23
493,38,0,23
494,38,0,23
495,38,20,23
497,38,19,23
4,39,0,23
5,39,0,23
58,39,0,23
62,39,0,23
65,39,1,23
66,39,0,23
68,39,0,23
69,39,0,23
70,39,8,23
285,39,0,23
370,39,0,23
371,39,0,23
372,39,0,23
373,39,0,23
374,39,0,23
375,39,0,23
376,39,10,23
377,39,0,23
378,39,0,23
401,39,6,23
404,39,16,23
436,39,14,23
444,39,15,23
445,39,17,23
446,39,10,23
451,39,4,23
467,39,0,23
480,39,0,23
484,39,0,23
489,39,2,23
494,39,0,23
498,39,13,23
499,39,18,23
500,39,7,23
501,39,15,23
502,39,13,23
503,39,0,23
504,39,0,23
505,39,12,23
506,39,11,23
507,39,1,23
508,39,12,23
509,39,14,23
510,39,0,23
511,39,0,23
512,39,6,23
513,39,2,23
514,39,16,23
515,39,14,23
516,39,18,23
517,39,6,23
518,39,0,23
519,39,5,23
520,39,0,23
521,39,1,23
522,39,0,23
523,39,16,23
524,39,16,23
525,39,15,23
526,39,8,23
527,39,10,23
528,39,7,23
529,39,7,23
530,39,19,23
531,39,13,23
532,39,0,23
533,39,16,23
534,39,18,23
535,39,6,23
536,39,6,23
537,39,7,23
538,39,9,23
539,39,18,23
540,39,18,23
541,39,9,23
542,39,17,23
543,39,15,23
544,39,0,23
545,39,2,23
546,39,0,23
547,39,0,23
548,39,5,23
549,39,11,23
550,39,5,23
551,39,7,23
552,39,5,23
553,39,19,23
554,39,10,23
555,39,12,23
556,39,16,23
557,39,6,23
558,39,8,23
559,39,14,23
560,39,8,23
561,39,14,23
562,39,13,23
563,39,10,23
5,40,0,23
58,40,0,23
62,40,1,23
65,40,0,23
66,40,0,23
67,40,0,23
68,40,0,23
69,40,0,23
70,40,1,23
71,40,0,23
285,40,1,23
355,40,0,23
372,40,3,23
375,40,6,23
408,40,0,23
451,40,9,23
452,40,5,23
465,40,5,23
479,40,3,23
484,40,5,23
486,40,6,23
491,40,4,23
492,40,2,23
493,40,2,23
501,40,2,23
504,40,17,23
511,40,18,23
520,40,17,23
521,40,1,23
546,40,16,23
564,40,18,23
565,40,20,23
566,40,6,23
567,40,13,23
568,40,17,23
569,40,0,23
570,40,0,23
571,40,0,23
572,40,0,23
573,40,3,23
574,40,18,23
575,40,19,23
576,40,19,23
577,40,18,23
578,40,0,23
579,40,4,23
580,40,5,23
581,40,9,23
582,40,19,23
583,40,18,23
584,40,0,23
585,40,14,23
586,40,0,23
587,40,10,23
588,40,2,23
589,40,10,23
590,40,4,23
591,40,5,23
592,40,13,23
593,40,7,23
594,40,19,23
595,40,4,23
596,40,0,23
597,40,19,23
598,40,5,23
599,40,8,23
600,40,9,23
601,40,20,23
602,40,11,23
603,40,18,23
604,40,0,23
605,40,16,23
606,40,9,23
607,40,17,23
608,40,5,23
609,40,17,23
610,40,11,23
611,40,12,23
612,40,3,23
613,40,5,23
5,41,0,24
58,41,0,24
62,41,3,24
65,41,1,24
66,41,0,24
67,41,0,24
68,41,0,24
69,41,4,24
70,41,1,24
285,41,0,24
309,41,3,24
355,41,0,24
480,41,0,24
501,41,4,24
518,41,17,24
569,41,0,24
584,41,0,24
586,41,14,24
596,41,12,24
614,41,0,24
615,41,11,24
616,41,4,24
617,41,0,24
618,41,0,24
619,41,0,24
620,41,1,24
621,41,1,24
622,41,3,24
623,41,1,24
624,41,4,24
625,41,0,24
626,41,3,24
627,41,0,24
628,41,0,24
629,41,12,24
630,41,16,24
631,41,0,24
632,41,12,24
633,41,20,24
634,41,0,24
635,41,0,24
636,41,0,24
637,41,14,24
638,41,17,24
639,41,20,24
641,41,0,24
642,41,0,24
644,41,9,24
645,41,11,24
646,41,18,24
647,41,19,24
648,41,13,24
649,41,9,24
650,41,19,24
652,41,2,24
5,42,2,24
62,42,2,24
65,42,1,24
66,42,0,24
67,42,2,24
68,42,0,24
69,42,0,24
70,42,1,24
71,42,0,24
194,42,0,24
285,42,10,24
309,42,0,24
338,42,12,24
350,42,0,24
569,42,10,24
613,42,4,24
616,42,3,24
623,42,0,24
630,42,0,24
644,42,4,24
653,42,1,24
654,42,1,24
655,42,0,24
656,42,9,24
657,42,1,24
658,42,10,24
659,42,19,24
660,42,17,24
661,42,13,24
662,42,0,24
663,42,19,24
664,42,19,24
665,42,12,24
666,42,12,24
667,42,9,24
668,42,3,24
669,42,0,24
670,42,0,24
671,42,16,24
672,42,5,24
673,42,0,24
674,42,17,24
675,42,10,24
676,42,3,24
677,42,17,24
678,42,14,24
679,42,15,24
680,42,19,24
681,42,11,24
682,42,9,24
683,42,0,24
684,42,4,24
685,42,0,24
686,42,9,24
687,42,0,24
688,42,0,24
689,42,15,24
690,42,10,24
691,42,0,24
692,42,0,24
693,42,5,24
694,42,20,24
695,42,5,24
696,42,7,24
697,42,7,24
698,42,19,24
699,42,16,24
700,42,20,24
701,42,9,24
702,42,2,24
703,42,7,24
704,42,5,24
705,42,7,24
706,42,3,24
707,42,9,24
708,42,16,24
709,42,3,24
710,42,5,24
711,42,3,24
712,42,8,24
713,42,4,24
714,42,4,24
715,42,8,24
716,42,19,24
717,42,19,24
718,42,7,24
719,42,7,24
720,42,12,24
721,42,6,24
722,42,13,24
723,42,10,24
724,42,15,24
725,42,7,24
726,42,13,24
727,42,20,24
728,42,5,24
729,42,12,24
730,42,13,24
731,42,20,24
732,42,12,24
733,42,17,24
734,42,15,24
735,42,17,24
736,42,0,24
737,42,15,24
738,42,19,24
740,42,18,24
741,42,17,24
742,42,5,24
743,42,0,24
744,42,12,24
745,42,6,24
746,42,18,24
747,42,19,24
748,42,8,24
749,42,10,24
750,42,7,24
751,42,15,24
752,42,15,24
753,42,20,24
754,42,13,24
755,42,15,24
756,42,9,24
757,42,15,24
758,42,3,24
759,42,17,24
760,42,16,24
761,42,15,24
762,42,5,24
763,42,5,24
764,42,2,24
928,42,1,24
995,42,0,24
1005,42,0,24
5,43,0,12
65,43,0,12
67,43,1,12
68,43,3,12
69,43,0,12
337,43,0,12
344,43,5,12
595,43,6,12
632,43,0,12
633,43,0,12
634,43,0,12
645,43,0,12
766,43,6,12
767,43,8,12
768,43,1,12
769,43,0,12
770,43,6,12
771,43,0,12
772,43,3,12
773,43,4,12
774,43,0,12
775,43,1,12
776,43,0,12
777,43,0,12
778,43,3,12
779,43,5,12
780,43,0,12
781,43,5,12
782,43,0,12
783,43,3,12
784,43,0,12
785,43,2,12
786,43,0,12
787,43,0,12
788,43,7,12
789,43,0,12
790,43,0,12
791,43,1,12
792,43,6,12
793,43,4,12
794,43,1,12
795,43,1,12
796,43,1,12
797,43,1,12
798,43,1,12
799,43,3,12
800,43,7,12
801,43,0,12
802,43,8,12
803,43,2,12
804,43,0,12
805,43,1,12
806,43,7,12
807,43,1,12
808,43,6,12
809,43,9,12
810,43,7,12
811,43,0,12
812,43,0,12
813,43,1,12
814,43,3,12
815,43,3,12
816,43,0,12
818,43,5,12
819,43,1,12
5,44,0,29
62,44,4,29
64,44,8,29
65,44,7,29
66,44,3,29
67,44,26,29
68,44,0,29
869,44,6,29
870,44,15,29
871,44,5,29
872,44,26,29
873,44,24,29
874,44,25,29
875,44,25,29
876,44,13,29
877,44,16,29
878,44,14,29
879,44,28,29
880,44,26,29
881,44,17,29
882,44,18,29
883,44,13,29
884,44,19,29
886,44,25,29
887,44,11,29
888,44,26,29
889,44,16,29
890,44,23,29
891,44,17,29
892,44,25,29
893,44,21,29
894,44,19,29
895,44,23,29
988,44,17,29
1009,44,22,29
1013,44,23,29
1014,44,11,29
1112,44,3,29
2,45,20,21
5,45,4,21
62,45,1,21
67,45,1,21
68,45,0,21
820,45,20,21
821,45,0,21
822,45,19,21
823,45,19,21
824,45,9,21
825,45,19,21
826,45,1,21
827,45,0,21
828,45,0,21
829,45,0,21
830,45,6,21
831,45,20,21
832,45,19,21
833,45,9,21
834,45,1,21
835,45,0,21
836,45,0,21
837,45,3,21
838,45,0,21
839,45,19,21
840,45,0,21
841,45,21,21
842,45,19,21
843,45,0,21
844,45,20,21
845,45,1,21
846,45,21,21
847,45,0,21
848,45,0,21
849,45,21,21
850,45,2,21
851,45,19,21
852,45,19,21
853,45,0,21
854,45,0,21
855,45,0,21
856,45,20,21
857,45,19,21
858,45,20,21
860,45,21,21
861,45,21,21
862,45,21,21
863,45,1,21
864,45,21,21
865,45,1,21
866,45,12,21
867,45,20,21
868,45,20,21
5,46,0,12
58,46,0,12
60,46,0,12
67,46,4,12
68,46,0,12
289,46,4,12
290,46,0,12
347,46,2,12
349,46,0,12
358,46,1,12
359,46,0,12
360,46,0,12
670,46,6,12
736,46,8,12
771,46,2,12
774,46,3,12
784,46,0,12
896,46,5,12
897,46,8,12
898,46,2,12
899,46,7,12
900,46,3,12
901,46,7,12
902,46,6,12
903,46,5,12
904,46,4,12
905,46,4,12
906,46,1,12
907,46,5,12
908,46,3,12
909,46,6,12
910,46,8,12
911,46,5,12
912,46,0,12
913,46,7,12
914,46,6,12
915,46,5,12
916,46,1,12
917,46,1,12
918,46,2,12
919,46,9,12
920,46,6,12
921,46,1,12
922,46,3,12
923,46,0,12
924,46,0,12
925,46,8,12
926,46,3,12
927,46,0,12
928,46,10,12
929,46,0,12
930,46,3,12
931,46,5,12
932,46,3,12
933,46,8,12
934,46,4,12
935,46,9,12
936,46,2,12
937,46,0,12
938,46,4,12
939,46,7,12
940,46,5,12
941,46,3,12
942,46,3,12
943,46,0,12
944,46,3,12
945,46,0,12
946,46,4,12
947,46,3,12
948,46,2,12
949,46,0,12
950,46,0,12
951,46,0,12
952,46,1,12
953,46,0,12
954,46,2,12
955,46,8,12
956,46,8,12
957,46,5,12
958,46,0,12
959,46,4,12
960,46,5,12
961,46,8,12
962,46,5,12
963,46,6,12
964,46,0,12
965,46,2,12
966,46,8,12
967,46,0,12
968,46,1,12
969,46,2,12
970,46,3,12
971,46,0,12
972,46,4,12
973,46,5,12
974,46,6,12
975,46,7,12
976,46,0,12
977,46,4,12
978,46,0,12
979,46,0,12
980,46,0,12
981,46,7,12
982,46,0,12
983,46,5,12
984,46,5,12
985,46,9,12
987,46,0,12
990,46,2,12
991,46,9,12
992,46,6,12
993,46,2,12
994,46,1,12
995,46,1,12
996,46,5,12
997,46,2,12
998,46,10,12
999,46,1,12
1000,46,3,12
1001,46,1,12
1002,46,0,12
1003,46,8,12
1004,46,2,12
1005,46,0,12
1006,46,2,12
1007,46,1,12
1008,46,0,12
1010,46,0,12
1011,46,1,12
62,47,9,59
68,47,6,59
942,47,2,59
1112,47,8,59
1113,47,0,59
1114,47,9,59
1115,47,17,59
1116,47,10,59
1117,47,35,59
1118,47,39,59
1119,47,30,59
1120,47,30,59
1121,47,22,59
1122,47,37,59
1123,47,24,59
1124,47,20,59
1125,47,32,59
1126,47,35,59
1127,47,29,59
1128,47,31,59
1129,47,42,59
1130,47,42,59
1131,47,26,59
1132,47,10,59
1133,47,8,59
1134,47,42,59
1135,47,17,59
1136,47,30,59
1137,47,27,59
1138,47,26,59
1141,47,36,59
1142,47,47,59
1143,47,19,59
1144,47,25,59
1145,47,14,59
1146,47,49,59
1147,47,12,59
1148,47,10,59
1149,47,19,59
1150,47,34,59
1151,47,48,59
1152,47,26,59
1153,47,9,59
1154,47,0,59
1155,47,17,59
1156,47,49,59
1157,47,13,59
1158,47,41,59
1159,47,8,59
1160,47,18,59
4,48,1,2
80,48,1,2
84,48,0,2
86,48,1,2
89,48,0,2
93,48,0,2
99,48,0,2
102,48,0,2
108,48,1,2
116,48,0,2
119,48,1,2
127,48,0,2
139,48,1,2
140,48,0,2
142,48,0,2
151,48,0,2
164,48,0,2
185,48,1,2
193,48,0,2
198,48,0,2
215,48,0,2
227,48,0,2
228,48,0,2
239,48,1,2
2,49,0,1
2,50,0,1
2,51,3,4
3,51,1,4
4,51,1,4
64,51,2,4
70,51,4,4
285,51,0,4
5,52,0,22
62,52,4,22
1017,52,21,22
1018,52,0,22
1019,52,0,22
1020,52,0,22
1021,52,0,22
1022,52,1,22
1023,52,0,22
1024,52,20,22
1025,52,22,22
1026,52,0,22
1027,52,7,22
1028,52,20,22
1029,52,0,22
1030,52,13,22
1031,52,0,22
1032,52,20,22
1033,52,4,22
1034,52,20,22
1035,52,5,22
1036,52,2,22
1037,52,0,22
1038,52,21,22
1039,52,4,22
1040,52,20,22
1041,52,0,22
1042,52,19,22
1043,52,0,22
1044,52,0,22
1045,52,20,22
1046,52,0,22
1047,52,1,22
1048,52,7,22
1049,52,0,22
1050,52,19,22
1051,52,1,22
1052,52,0,22
1053,52,0,22
1054,52,0,22
1055,52,1,22
1056,52,20,22
1057,52,0,22
1058,52,19,22
1059,52,0,22
61,54,0,1
197,54,0,1
198,54,0,1
199,54,0,1
200,54,0,1
201,54,0,1
202,54,0,1
203,54,0,1
204,54,1,1
205,54,0,1
206,54,0,1
207,54,0,1
208,54,0,1
209,54,0,1
210,54,0,1
211,54,1,1
212,54,0,1
213,54,0,1
214,54,0,1
215,54,0,1
216,54,0,1
217,54,0,1
218,54,0,1
219,54,0,1
220,54,0,1
221,54,1,1
222,54,0,1
223,54,0,1
224,54,0,1
225,54,0,1
226,54,0,1
227,54,0,1
228,54,0,1
229,54,0,1
230,54,0,1
231,54,0,1
232,54,1,1
233,54,0,1
234,54,1,1
235,54,1,1
236,54,0,1
237,54,1,1
238,54,0,1
239,54,1,1
61,55,0,16
197,55,9,16
198,55,4,16
199,55,9,16
200,55,15,16
201,55,14,16
202,55,15,16
203,55,12,16
204,55,13,16
205,55,11,16
206,55,13,16
207,55,17,16
208,55,12,16
209,55,11,16
210,55,9,16
211,55,15,16
212,55,12,16
213,55,13,16
214,55,10,16
215,55,12,16
216,55,11,16
217,55,12,16
218,55,9,16
219,55,9,16
220,55,0,16
221,55,17,16
222,55,12,16
223,55,15,16
224,55,13,16
225,55,12,16
226,55,9,16
227,55,12,16
228,55,12,16
229,55,9,16
230,55,13,16
231,55,13,16
232,55,13,16
233,55,10,16
234,55,12,16
235,55,8,16
236,55,9,16
237,55,8,16
238,55,9,16
239,55,12,16
706,55,10,16
61,56,0,20
70,56,1,20
197,56,4,20
198,56,4,20
199,56,4,20
200,56,9,20
201,56,3,20
202,56,6,20
203,56,1,20
204,56,4,20
205,56,3,20
206,56,3,20
207,56,7,20
208,56,2,20
209,56,2,20
210,56,5,20
211,56,3,20
212,56,3,20
213,56,6,20
214,56,4,20
215,56,2,20
216,56,7,20
217,56,5,20
218,56,3,20
219,56,2,20
220,56,0,20
221,56,6,20
222,56,5,20
223,56,4,20
224,56,3,20
225,56,6,20
226,56,12,20
227,56,6,20
228,56,7,20
229,56,4,20
230,56,3,20
231,56,4,20
232,56,3,20
233,56,2,20
234,56,4,20
235,56,2,20
236,56,3,20
237,56,5,20
238,56,3,20
239,56,4,20
285,56,9,20
61,57,0,16
69,57,9,16
197,57,7,16
198,57,10,16
199,57,10,16
200,57,13,16
201,57,11,16
202,57,5,16
203,57,11,16
204,57,8,16
205,57,10,16
206,57,11,16
207,57,14,16
208,57,10,16
209,57,12,16
210,57,10,16
211,57,13,16
212,57,14,16
213,57,12,16
214,57,8,16
215,57,11,16
216,57,9,16
217,57,8,16
218,57,9,16
219,57,6,16
220,57,0,16
221,57,8,16
222,57,13,16
223,57,9,16
224,57,9,16
225,57,11,16
226,57,6,16
227,57,9,16
228,57,12,16
229,57,9,16
230,57,9,16
231,57,3,16
232,57,10,16
233,57,8,16
234,57,10,16
235,57,8,16
236,57,12,16
237,57,8,16
238,57,16,16
239,57,9,16
61,58,0,44
74,58,28,44
75,58,20,44
77,58,20,44
82,58,11,44
83,58,28,44
85,58,22,44
86,58,32,44
87,58,25,44
92,58,24,44
94,58,6,44
97,58,17,44
98,58,19,44
100,58,25,44
101,58,22,44
107,58,25,44
109,58,24,44
111,58,7,44
113,58,25,44
197,58,23,44
199,58,26,44
203,58,10,44
207,58,20,44
208,58,20,44
211,58,27,44
214,58,22,44
217,58,23,44
222,58,24,44
225,58,22,44
228,58,23,44
231,58,20,44
234,58,19,44
236,58,21,44
238,58,30,44
239,58,22,44
1060,58,6,44
65,59,0,1
72,59,1,1
73,59,0,1
74,59,0,1
75,59,1,1
76,59,0,1
77,59,0,1
78,59,1,1
79,59,1,1
80,59,0,1
81,59,0,1
82,59,1,1
83,59,1,1
84,59,0,1
85,59,0,1
86,59,1,1
87,59,0,1
88,59,0,1
89,59,1,1
90,59,0,1
91,59,0,1
92,59,0,1
93,59,0,1
94,59,0,1
95,59,0,1
96,59,0,1
97,59,1,1
98,59,1,1
99,59,0,1
100,59,0,1
101,59,1,1
102,59,0,1
103,59,0,1
104,59,0,1
105,59,0,1
106,59,0,1
107,59,1,1
108,59,1,1
109,59,1,1
110,59,0,1
111,59,0,1
112,59,0,1
113,59,0,1
668,59,0,1
65,60,0,8
72,60,2,8
73,60,3,8
74,60,3,8
75,60,3,8
76,60,3,8
77,60,3,8
78,60,4,8
79,60,2,8
80,60,3,8
81,60,3,8
82,60,3,8
83,60,4,8
84,60,3,8
85,60,3,8
86,60,4,8
87,60,3,8
88,60,2,8
89,60,3,8
90,60,3,8
91,60,2,8
92,60,3,8
93,60,4,8
94,60,3,8
95,60,3,8
96,60,3,8
97,60,3,8
98,60,3,8
99,60,4,8
100,60,4,8
101,60,4,8
102,60,3,8
103,60,1,8
104,60,3,8
105,60,3,8
106,60,2,8
107,60,2,8
108,60,4,8
109,60,3,8
110,60,2,8
111,60,0,8
112,60,3,8
113,60,3,8
700,60,4,8
65,61,0,18
70,61,0,18
72,61,3,18
73,61,4,18
74,61,2,18
75,61,4,18
76,61,4,18
77,61,2,18
78,61,5,18
79,61,3,18
80,61,5,18
81,61,3,18
82,61,3,18
83,61,3,18
84,61,2,18
85,61,4,18
86,61,3,18
87,61,2,18
88,61,0,18
89,61,1,18
90,61,2,18
91,61,2,18
92,61,2,18
93,61,4,18
94,61,1,18
95,61,4,18
96,61,2,18
97,61,4,18
98,61,2,18
99,61,1,18
100,61,3,18
101,61,3,18
102,61,2,18
103,61,2,18
104,61,3,18
105,61,2,18
106,61,2,18
107,61,3,18
108,61,3,18
109,61,3,18
110,61,3,18
111,61,2,18
112,61,4,18
113,61,2,18
285,61,6,18
65,62,2,20
69,62,10,20
72,62,18,20
73,62,19,20
74,62,10,20
75,62,16,20
76,62,13,20
77,62,11,20
78,62,15,20
79,62,9,20
80,62,12,20
81,62,10,20
82,62,10,20
83,62,18,20
84,62,8,20
85,62,17,20
86,62,14,20
87,62,12,20
88,62,3,20
89,62,12,20
90,62,6,20
91,62,9,20
92,62,9,20
93,62,16,20
94,62,10,20
95,62,14,20
96,62,11,20
97,62,9,20
98,62,10,20
99,62,13,20
100,62,14,20
101,62,13,20
102,62,11,20
103,62,11,20
104,62,15,20
105,62,8,20
106,62,6,20
107,62,18,20
108,62,15,20
109,62,12,20
110,62,12,20
111,62,4,20
112,62,15,20
113,62,11,20
65,63,0,1
76,63,0,1
78,63,1,1
79,63,0,1
80,63,0,1
81,63,0,1
84,63,0,1
88,63,0,1
89,63,0,1
90,63,1,1
91,63,0,1
93,63,0,1
95,63,0,1
96,63,0,1
99,63,0,1
102,63,1,1
103,63,0,1
104,63,0,1
105,63,0,1
106,63,0,1
108,63,1,1
110,63,0,1
112,63,0,1
198,63,0,1
200,63,0,1
201,63,0,1
202,63,0,1
204,63,0,1
205,63,0,1
206,63,0,1
209,63,0,1
210,63,0,1
212,63,0,1
213,63,0,1
215,63,0,1
216,63,0,1
218,63,0,1
219,63,0,1
221,63,0,1
223,63,1,1
224,63,1,1
226,63,0,1
227,63,0,1
229,63,0,1
230,63,0,1
232,63,0,1
233,63,0,1
235,63,0,1
237,63,0,1
530,63,0,1
62,64,0,10
114,64,1,10
115,64,1,10
116,64,1,10
117,64,3,10
118,64,1,10
119,64,1,10
120,64,7,10
121,64,3,10
122,64,11,10
123,64,2,10
124,64,5,10
125,64,3,10
126,64,2,10
127,64,7,10
128,64,1,10
129,64,1,10
130,64,2,10
131,64,10,10
132,64,5,10
133,64,5,10
135,64,4,10
136,64,1,10
137,64,1,10
138,64,1,10
139,64,1,10
140,64,11,10
141,64,2,10
142,64,1,10
143,64,7,10
144,64,2,10
145,64,1,10
146,64,3,10
147,64,1,10
148,64,1,10
149,64,3,10
151,64,7,10
152,64,3,10
153,64,0,10
154,64,9,10
374,64,3,10
62,65,0,1
114,65,1,1
115,65,0,1
116,65,0,1
117,65,1,1
118,65,0,1
119,65,0,1
120,65,1,1
121,65,1,1
122,65,1,1
123,65,0,1
124,65,0,1
125,65,0,1
126,65,0,1
127,65,0,1
128,65,1,1
129,65,1,1
130,65,1,1
131,65,1,1
132,65,0,1
133,65,1,1
135,65,1,1
136,65,0,1
137,65,0,1
138,65,1,1
139,65,1,1
140,65,1,1
141,65,0,1
142,65,0,1
143,65,1,1
144,65,0,1
145,65,1,1
146,65,0,1
147,65,0,1
148,65,0,1
149,65,1,1
151,65,0,1
152,65,0,1
153,65,0,1
154,65,0,1
662,65,0,1
62,66,0,13
114,66,12,13
115,66,8,13
116,66,1,13
117,66,7,13
118,66,1,13
119,66,1,13
120,66,1,13
121,66,2,13
122,66,13,13
123,66,6,13
124,66,1,13
125,66,1,13
126,66,5,13
127,66,1,13
128,66,1,13
129,66,6,13
130,66,13,13
131,66,11,13
132,66,2,13
133,66,13,13
135,66,12,13
136,66,11,13
137,66,2,13
138,66,1,13
139,66,11,13
140,66,13,13
141,66,7,13
142,66,1,13
143,66,2,13
144,66,9,13
145,66,2,13
146,66,6,13
147,66,3,13
148,66,10,13
149,66,4,13
151,66,4,13
152,66,1,13
153,66,0,13
154,66,2,13
817,66,7,13
62,67,0,12
68,67,4,12
114,67,2,12
115,67,0,12
116,67,2,12
117,67,2,12
118,67,2,12
119,67,10,12
120,67,3,12
121,67,2,12
122,67,4,12
123,67,10,12
124,67,1,12
125,67,2,12
126,67,0,12
127,67,2,12
128,67,0,12
129,67,3,12
130,67,2,12
131,67,3,12
132,67,2,12
133,67,3,12
135,67,3,12
136,67,2,12
137,67,2,12
138,67,2,12
139,67,2,12
140,67,5,12
141,67,2,12
142,67,2,12
143,67,4,12
144,67,3,12
145,67,2,12
146,67,1,12
147,67,10,12
148,67,2,12
149,67,3,12
151,67,2,12
152,67,0,12
153,67,0,12
154,67,1,12
62,68,0,26
63,68,2,26
114,68,14,26
115,68,9,26
116,68,10,26
117,68,13,26
118,68,11,26
119,68,13,26
120,68,16,26
121,68,12,26
122,68,21,26
123,68,16,26
124,68,12,26
125,68,9,26
126,68,12,26
127,68,11,26
128,68,4,26
129,68,15,26
130,68,9,26
131,68,24,26
132,68,11,26
133,68,9,26
135,68,22,26
136,68,13,26
137,68,11,26
138,68,7,26
139,68,9,26
140,68,24,26
141,68,17,26
142,68,7,26
143,68,11,26
144,68,14,26
145,68,9,26
146,68,17,26
147,68,11,26
148,68,11,26
149,68,16,26
151,68,11,26
152,68,9,26
153,68,0,26
154,68,0,26
285,68,20,26
62,69,0,11
68,69,5,11
114,69,2,11
115,69,1,11
116,69,2,11
117,69,2,11
118,69,3,11
119,69,2,11
120,69,3,11
121,69,2,11
122,69,3,11
123,69,11,11
124,69,0,11
125,69,2,11
126,69,0,11
127,69,2,11
128,69,0,11
129,69,5,11
130,69,3,11
131,69,10,11
132,69,2,11
133,69,2,11
135,69,4,11
136,69,2,11
137,69,2,11
138,69,1,11
139,69,2,11
140,69,2,11
141,69,2,11
142,69,3,11
143,69,1,11
144,69,3,11
145,69,5,11
146,69,10,11
147,69,11,11
148,69,2,11
149,69,6,11
151,69,2,11
152,69,0,11
153,69,0,11
154,69,2,11
66,70,0,10
155,70,7,10
156,70,3,10
157,70,0,10
158,70,1,10
159,70,0,10
160,70,2,10
161,70,6,10
162,70,0,10
163,70,1,10
164,70,2,10
165,70,3,10
166,70,1,10
167,70,5,10
168,70,6,10
169,70,6,10
170,70,6,10
171,70,0,10
172,70,0,10
173,70,1,10
174,70,9,10
175,70,8,10
176,70,9,10
177,70,5,10
178,70,9,10
179,70,0,10
180,70,2,10
181,70,9,10
182,70,8,10
183,70,0,10
184,70,1,10
185,70,2,10
186,70,2,10
187,70,0,10
188,70,1,10
189,70,1,10
190,70,1,10
191,70,1,10
192,70,9,10
193,70,7,10
374,70,1,10
66,71,0,1
155,71,0,1
156,71,0,1
157,71,0,1
158,71,0,1
159,71,0,1
160,71,0,1
161,71,0,1
162,71,0,1
163,71,0,1
164,71,0,1
165,71,0,1
166,71,0,1
167,71,0,1
168,71,0,1
169,71,0,1
170,71,0,1
171,71,0,1
172,71,0,1
173,71,0,1
174,71,0,1
175,71,0,1
176,71,0,1
177,71,0,1
178,71,0,1
179,71,0,1
180,71,1,1
181,71,0,1
182,71,0,1
183,71,0,1
184,71,0,1
185,71,1,1
186,71,0,1
187,71,0,1
188,71,0,1
189,71,0,1
190,71,0,1
191,71,0,1
192,71,0,1
193,71,0,1
662,71,0,1
66,72,3,11
155,72,3,11
156,72,0,11
157,72,0,11
158,72,0,11
159,72,0,11
160,72,0,11
161,72,1,11
162,72,0,11
163,72,1,11
164,72,0,11
165,72,0,11
166,72,0,11
167,72,0,11
168,72,0,11
169,72,0,11
170,72,0,11
171,72,0,11
172,72,0,11
173,72,0,11
174,72,0,11
175,72,0,11
176,72,1,11
177,72,2,11
178,72,0,11
179,72,0,11
180,72,0,11
181,72,0,11
182,72,3,11
183,72,0,11
184,72,0,11
185,72,0,11
186,72,0,11
187,72,0,11
188,72,0,11
189,72,0,11
190,72,0,11
191,72,2,11
192,72,0,11
193,72,0,11
299,72,0,11
66,73,0,26
69,73,23,26
155,73,18,26
156,73,18,26
157,73,0,26
158,73,17,26
159,73,12,26
160,73,6,26
161,73,17,26
162,73,0,26
163,73,18,26
164,73,14,26
165,73,19,26
166,73,16,26
167,73,15,26
168,73,21,26
169,73,15,26
170,73,18,26
171,73,0,26
172,73,0,26
173,73,15,26
174,73,18,26
175,73,20,26
176,73,16,26
177,73,17,26
178,73,12,26
179,73,0,26
180,73,14,26
181,73,17,26
182,73,20,26
183,73,0,26
184,73,17,26
185,73,21,26
186,73,20,26
187,73,0,26
188,73,12,26
189,73,5,26
190,73,19,26
191,73,14,26
192,73,18,26
193,73,24,26
63,74,0,26
66,74,0,26
155,74,22,26
156,74,7,26
157,74,0,26
158,74,21,26
159,74,3,26
160,74,0,26
161,74,18,26
162,74,0,26
163,74,10,26
164,74,12,26
165,74,22,26
166,74,8,26
167,74,12,26
168,74,9,26
169,74,22,26
170,74,14,26
171,74,0,26
172,74,0,26
173,74,24,26
174,74,7,26
175,74,23,26
176,74,12,26
177,74,16,26
178,74,9,26
179,74,0,26
180,74,11,26
181,74,9,26
182,74,22,26
183,74,0,26
184,74,16,26
185,74,15,26
186,74,18,26
187,74,1,26
188,74,8,26
189,74,3,26
190,74,19,26
191,74,10,26
192,74,22,26
193,74,16,26
285,74,17,26
66,75,0,11
68,75,3,11
155,75,3,11
156,75,2,11
157,75,0,11
158,75,2,11
159,75,0,11
160,75,0,11
161,75,2,11
162,75,0,11
163,75,4,11
164,75,2,11
165,75,9,11
166,75,2,11
167,75,0,11
168,75,2,11
169,75,0,11
170,75,7,11
171,75,0,11
172,75,0,11
173,75,2,11
174,75,2,11
175,75,11,11
176,75,0,11
177,75,10,11
178,75,3,11
179,75,0,11
180,75,2,11
181,75,2,11
182,75,0,11
183,75,0,11
184,75,0,11
185,75,4,11
186,75,3,11
187,75,0,11
188,75,1,11
189,75,0,11
190,75,0,11
191,75,0,11
192,75,4,11
193,75,1,11
5,76,5,34
285,76,3,34
1062,76,10,34
1063,76,13,34
1064,76,8,34
1065,76,8,34
1066,76,9,34
1067,76,8,34
1068,76,10,34
1069,76,6,34
1070,76,11,34
1071,76,7,34
1072,76,2,34
1073,76,8,34
1074,76,7,34
1075,76,5,34
1076,76,5,34
1077,76,5,34
1078,76,8,34
1079,76,14,34
1080,76,8,34
1081,76,14,34
1082,76,8,34
1083,76,5,34
1084,76,9,34
1085,76,5,34
1086,76,9,34
1087,76,3,34
1088,76,5,34
1089,76,7,34
1090,76,4,34
1091,76,15,34
1092,76,8,34
1093,76,9,34
1094,76,4,34
1095,76,11,34
1096,76,11,34
1097,76,3,34
1098,76,13,34
1099,76,4,34
1100,76,3,34
1101,76,7,34
1102,76,9,34
1103,76,5,34
1104,76,5,34
1105,76,11,34
1106,76,10,34
1107,76,6,34
1108,76,13,34
1109,76,8,34
1110,76,9,34
1111,76,8,34
65,77,24,25
1162,77,22,25
1163,77,24,25
1164,77,23,25
1165,77,24,25
1166,77,23,25
1167,77,23,25
1168,77,16,25
1169,77,19,25
1170,77,22,25
1171,77,22,25
1172,77,22,25
1173,77,23,25
1174,77,17,25
1175,77,21,25
1176,77,22,25
1177,77,22,25
1178,77,24,25
1179,77,23,25
1180,77,0,25
1181,77,23,25
1182,77,18,25
1183,77,23,25
1184,77,21,25
1185,77,22,25
1186,77,16,25
1187,77,23,25
1188,77,18,25
1189,77,23,25
1190,77,23,25
1191,77,22,25
1192,77,20,25
1193,77,21,25
1194,77,22,25
1195,77,23,25
1196,77,20,25
1197,77,19,25
71,78,12,37
1162,78,31,37
1163,78,33,37
1164,78,35,37
1165,78,35,37
1166,78,35,37
1167,78,36,37
1168,78,12,37
1169,78,27,37
1170,78,26,37
1171,78,35,37
1172,78,29,37
1173,78,32,37
1174,78,25,37
1175,78,26,37
1176,78,33,37
1177,78,27,37
1178,78,32,37
1179,78,36,37
1180,78,0,37
1181,78,35,37
1182,78,27,37
1183,78,35,37
1184,78,24,37
1185,78,37,37
1186,78,29,37
1187,78,35,37
1188,78,21,37
1189,78,35,37
1190,78,35,37
1191,78,31,37
1192,78,20,37
1193,78,36,37
1194,78,36,37
1195,78,33,37
1196,78,28,37
1197,78,30,37
67,79,0,13
1162,79,13,13
1163,79,13,13
1164,79,13,13
1165,79,12,13
1166,79,11,13
1167,79,7,13
1168,79,7,13
1169,79,6,13
1170,79,13,13
1171,79,13,13
1172,79,12,13
1173,79,13,13
1174,79,1,13
1175,79,8,13
1176,79,6,13
1177,79,13,13
1178,79,1,13
1179,79,13,13
1180,79,0,13
1181,79,12,13
1182,79,1,13
1183,79,13,13
1184,79,13,13
1185,79,7,13
1186,79,9,13
1187,79,0,13
1188,79,1,13
1189,79,12,13
1190,79,12,13
1191,79,14,13
1192,79,0,13
1193,79,1,13
1194,79,14,13
1195,79,7,13
1196,79,1,13
1197,79,1,13
491,80,0,1
1162,80,1,1
1163,80,0,1
1164,80,0,1
1165,80,0,1
1166,80,1,1
1167,80,0,1
1168,80,0,1
1169,80,1,1
1170,80,1,1
1171,80,0,1
1172,80,1,1
1173,80,0,1
1174,80,1,1
1175,80,0,1
1176,80,0,1
1177,80,0,1
1178,80,0,1
1179,80,0,1
1180,80,0,1
1181,80,0,1
1182,80,0,1
1183,80,0,1
1184,80,1,1
1185,80,0,1
1186,80,0,1
1187,80,0,1
1188,80,0,1
1189,80,0,1
1190,80,0,1
1191,80,0,1
1192,80,1,1
1193,80,1,1
1194,80,1,1
1195,80,1,1
1196,80,0,1
1197,80,1,1
342,81,0,1
1162,81,1,1
1163,81,0,1
1164,81,0,1
1165,81,1,1
1166,81,1,1
1167,81,0,1
1168,81,0,1
1169,81,1,1
1170,81,1,1
1171,81,0,1
1172,81,0,1
1173,81,1,1
1174,81,0,1
1175,81,0,1
1176,81,0,1
1177,81,0,1
1178,81,0,1
1179,81,0,1
1180,81,0,1
1181,81,1,1
1182,81,1,1
1183,81,1,1
1184,81,1,1
1185,81,0,1
1186,81,0,1
1187,81,0,1
1188,81,0,1
1189,81,0,1
1190,81,1,1
1191,81,1,1
1192,81,0,1
1193,81,1,1
1194,81,1,1
1195,81,1,1
1196,81,0,1
1197,81,1,1
61,82,2,36
1198,82,23,36
1199,82,18,36
1200,82,14,36
1201,82,18,36
1202,82,20,36
1203,82,23,36
1204,82,22,36
1205,82,20,36
1206,82,12,36
1207,82,8,36
1208,82,16,36
1209,82,19,36
1210,82,18,36
1211,82,23,36
1212,82,24,36
1213,82,21,36
1214,82,22,36
1215,82,20,36
1216,82,17,36
1217,82,15,36
1218,82,23,36
1219,82,21,36
1220,82,20,36
1221,82,17,36
1222,82,10,36
1223,82,18,36
1224,82,23,36
1225,82,23,36
1226,82,14,36
1227,82,21,36
1228,82,23,36
1229,82,0,36
1230,82,20,36
1231,82,24,36
1232,82,15,36
1233,82,23,36
71,83,6,36
1198,83,35,36
1199,83,29,36
1200,83,22,36
1201,83,30,36
1202,83,30,36
1203,83,35,36
1204,83,33,36
1205,83,36,36
1206,83,22,36
1207,83,6,36
1208,83,21,36
1209,83,36,36
1210,83,31,36
1211,83,34,36
1212,83,35,36
1213,83,31,36
1214,83,32,36
1215,83,34,36
1216,83,23,36
1217,83,30,36
1218,83,33,36
1219,83,29,36
1220,83,32,36
1221,83,25,36
1222,83,11,36
1223,83,32,36
1224,83,32,36
1225,83,36,36
1226,83,30,36
1227,83,26,36
1228,83,35,36
1229,83,0,36
1230,83,29,36
1231,83,29,36
1232,83,23,36
1233,83,36,36
67,84,1,13
1198,84,11,13
1199,84,0,13
1200,84,0,13
1201,84,10,13
1202,84,12,13
1203,84,12,13
1204,84,12,13
1205,84,12,13
1206,84,13,13
1207,84,0,13
1208,84,0,13
1209,84,5,13
1210,84,4,13
1211,84,12,13
1212,84,12,13
1213,84,12,13
1214,84,12,13
1215,84,0,13
1216,84,5,13
1217,84,1,13
1218,84,7,13
1219,84,12,13
1220,84,12,13
1221,84,11,13
1222,84,0,13
1223,84,11,13
1224,84,13,13
1225,84,12,13
1226,84,12,13
1227,84,12,13
1228,84,13,13
1229,84,0,13
1230,84,12,13
1231,84,12,13
1232,84,8,13
1233,84,13,13
487,85,0,1
1198,85,0,1
1199,85,0,1
1200,85,0,1
1201,85,0,1
1202,85,0,1
1203,85,0,1
1204,85,0,1
1205,85,1,1
1206,85,0,1
1207,85,0,1
1208,85,0,1
1209,85,0,1
1210,85,0,1
1211,85,1,1
1212,85,0,1
1213,85,1,1
1214,85,0,1
1215,85,1,1
1216,85,0,1
1217,85,0,1
1218,85,1,1
1219,85,0,1
1220,85,0,1
1221,85,0,1
1222,85,0,1
1223,85,0,1
1224,85,1,1
1225,85,0,1
1226,85,1,1
1227,85,0,1
1228,85,0,1
1229,85,0,1
1230,85,0,1
1231,85,0,1
1232,85,1,1
1233,85,0,1
489,86,0,1
1198,86,0,1
1199,86,0,1
1200,86,0,1
1201,86,0,1
1202,86,0,1
1203,86,0,1
1204,86,0,1
1205,86,0,1
1206,86,0,1
1207,86,0,1
1208,86,0,1
1209,86,0,1
1210,86,0,1
1211,86,0,1
1212,86,0,1
1213,86,1,1
1214,86,0,1
1215,86,0,1
1216,86,1,1
1217,86,0,1
1218,86,1,1
1219,86,0,1
1220,86,0,1
1221,86,0,1
1222,86,0,1
1223,86,0,1
1224,86,1,1
1225,86,0,1
1226,86,1,1
1227,86,1,1
1228,86,0,1
1229,86,0,1
1230,86,1,1
1231,86,1,1
1232,86,0,1
1233,86,0,1
58,87,0,4
1161,87,6,4
1234,87,2,4
1235,87,2,4
1236,87,4,4
1237,87,2,4
1238,87,4,4
1239,87,3,4
1240,87,2,4
1241,87,3,4
1242,87,2,4
1243,87,2,4
1244,87,3,4
1245,87,2,4
1246,87,4,4
1247,87,2,4
1248,87,4,4
1249,87,4,4
1250,87,4,4
1251,87,2,4
1252,87,3,4
1253,87,3,4
1254,87,4,4
1255,87,3,4
1256,87,4,4
1257,87,3,4
1258,87,3,4
1259,87,4,4
1260,87,2,4
1261,87,2,4
1262,87,2,4
1263,87,2,4
1264,87,3,4
1265,87,3,4
71,88,2,37
1234,88,30,37
1235,88,34,37
1236,88,33,37
1237,88,24,37
1238,88,37,37
1239,88,34,37
1240,88,21,37
1241,88,34,37
1242,88,29,37
1243,88,26,37
1244,88,20,37
1245,88,3,37
1246,88,30,37
1247,88,34,37
1248,88,28,37
1249,88,33,37
1250,88,29,37
1251,88,33,37
1252,88,35,37
1253,88,27,37
1254,88,32,37
1255,88,28,37
1256,88,22,37
1257,88,31,37
1258,88,26,37
1259,88,30,37
1260,88,34,37
1261,88,4,37
1262,88,33,37
1263,88,24,37
1264,88,24,37
1265,88,30,37
67,89,1,13
1234,89,1,13
1235,89,0,13
1236,89,0,13
1237,89,0,13
1238,89,10,13
1239,89,1,13
1240,89,1,13
1241,89,1,13
1242,89,0,13
1243,89,0,13
1244,89,1,13
1245,89,0,13
1246,89,1,13
1247,89,8,13
1248,89,0,13
1249,89,0,13
1250,89,0,13
1251,89,0,13
1252,89,1,13
1253,89,0,13
1254,89,13,13
1255,89,1,13
1256,89,1,13
1257,89,0,13
1258,89,0,13
1259,89,5,13
1260,89,1,13
1261,89,0,13
1262,89,0,13
1263,89,0,13
1264,89,0,13
1265,89,12,13
58,90,0,1
493,90,1,1
1234,90,0,1
1235,90,0,1
1236,90,0,1
1237,90,1,1
1238,90,1,1
1239,90,0,1
1240,90,0,1
1241,90,1,1
1242,90,0,1
1243,90,0,1
1244,90,0,1
1245,90,0,1
1246,90,0,1
1247,90,0,1
1248,90,1,1
1249,90,0,1
1250,90,1,1
1251,90,0,1
1252,90,0,1
1253,90,1,1
1254,90,1,1
1255,90,0,1
1256,90,0,1
1257,90,1,1
1258,90,0,1
1259,90,0,1
1260,90,0,1
1261,90,0,1
1262,90,0,1
1263,90,0,1
1264,90,0,1
1265,90,0,1
58,91,0,1
488,91,0,1
1234,91,0,1
1235,91,0,1
1236,91,1,1
1237,91,1,1
1238,91,1,1
1239,91,1,1
1240,91,0,1
1241,91,0,1
1242,91,0,1
1243,91,0,1
1244,91,0,1
1245,91,0,1
1246,91,0,1
1247,91,0,1
1248,91,0,1
1249,91,0,1
1250,91,1,1
1251,91,0,1
1252,91,0,1
1253,91,0,1
1254,91,0,1
1255,91,0,1
1256,91,1,1
1257,91,0,1
1258,91,0,1
1259,91,0,1
1260,91,0,1
1261,91,1,1
1262,91,1,1
1263,91,0,1
1264,91,0,1
1265,91,1,1
65,92,24,25
1266,92,20,25
1267,92,24,25
1268,92,15,25
1269,92,24,25
1270,92,23,25
1271,92,11,25
1272,92,17,25
1273,92,23,25
1274,92,21,25
1275,92,12,25
1276,92,21,25
1277,92,20,25
1278,92,23,25
1279,92,21,25
1280,92,21,25
1281,92,20,25
1282,92,23,25
1283,92,21,25
1284,92,23,25
1285,92,24,25
1286,92,20,25
1287,92,22,25
1288,92,18,25
1289,92,21,25
1290,92,22,25
1291,92,19,25
1292,92,22,25
1293,92,20,25
1294,92,21,25
1295,92,23,25
1296,92,20,25
1297,92,24,25
71,93,9,37
1266,93,26,37
1267,93,24,37
1268,93,24,37
1269,93,32,37
1270,93,29,37
1271,93,20,37
1272,93,25,37
1273,93,32,37
1274,93,22,37
1275,93,16,37
1276,93,22,37
1277,93,30,37
1278,93,34,37
1279,93,34,37
1280,93,25,37
1281,93,31,37
1282,93,37,37
1283,93,33,37
1284,93,28,37
1285,93,33,37
1286,93,23,37
1287,93,35,37
1288,93,27,37
1289,93,25,37
1290,93,34,37
1291,93,21,37
1292,93,25,37
1293,93,27,37
1294,93,28,37
1295,93,34,37
1296,93,28,37
1297,93,36,37
4,94,27,19
1266,94,17,19
1267,94,16,19
1268,94,12,19
1269,94,18,19
1270,94,17,19
1271,94,15,19
1272,94,17,19
1273,94,15,19
1274,94,18,19
1275,94,9,19
1276,94,14,19
1277,94,15,19
1278,94,18,19
1279,94,17,19
1280,94,15,19
1281,94,17,19
1282,94,17,19
1283,94,17,19
1284,94,14,19
1285,94,18,19
1286,94,15,19
1287,94,15,19
1288,94,15,19
1289,94,18,19
1290,94,17,19
1291,94,13,19
1292,94,17,19
1293,94,14,19
1294,94,16,19
1295,94,17,19
1296,94,17,19
1297,94,17,19
379,95,0,1
1266,95,0,1
1267,95,0,1
1268,95,1,1
1269,95,1,1
1270,95,0,1
1271,95,0,1
1272,95,0,1
1273,95,1,1
1274,95,1,1
1275,95,0,1
1276,95,1,1
1277,95,0,1
1278,95,1,1
1279,95,0,1
1280,95,1,1
1281,95,0,1
1282,95,1,1
1283,95,0,1
1284,95,0,1
1285,95,1,1
1286,95,1,1
1287,95,0,1
1288,95,0,1
1289,95,0,1
1290,95,1,1
1291,95,0,1
1292,95,0,1
1293,95,1,1
1294,95,0,1
1295,95,0,1
1296,95,1,1
1297,95,0,1
342,96,0,1
1266,96,1,1
1267,96,1,1
1268,96,0,1
1269,96,1,1
1270,96,0,1
1271,96,0,1
1272,96,1,1
1273,96,1,1
1274,96,1,1
1275,96,1,1
1276,96,0,1
1277,96,1,1
1278,96,0,1
1279,96,1,1
1280,96,0,1
1281,96,0,1
1282,96,0,1
1283,96,0,1
1284,96,1,1
1285,96,1,1
1286,96,1,1
1287,96,0,1
1288,96,1,1
1289,96,0,1
1290,96,1,1
1291,96,1,1
1292,96,1,1
1293,96,0,1
1294,96,0,1
1295,96,0,1
1296,96,1,1
1297,96,1,1
719,97,7,6
1298,97,4,6
1299,97,4,6
1300,97,3,6
1301,97,3,6
1302,97,5,6
1303,97,2,6
1304,97,5,6
1305,97,3,6
1306,97,5,6
1307,97,5,6
1308,97,6,6
1309,97,5,6
1310,97,4,6
1311,97,4,6
1312,97,3,6
1313,97,6,6
1314,97,4,6
1315,97,6,6
1316,97,4,6
1317,97,5,6
1318,97,5,6
1319,97,5,6
1320,97,4,6
1321,97,5,6
1322,97,5,6
1323,97,6,6
1324,97,5,6
1325,97,6,6
1326,97,5,6
1327,97,5,6
1328,97,5,6
71,98,5,37
1298,98,36,37
1299,98,26,37
1300,98,28,37
1301,98,21,37
1302,98,9,37
1303,98,26,37
1304,98,29,37
1305,98,14,37
1306,98,33,37
1307,98,28,37
1308,98,25,37
1309,98,33,37
1310,98,32,37
1311,98,28,37
1312,98,14,37
1313,98,27,37
1314,98,28,37
1315,98,35,37
1316,98,23,37
1317,98,20,37
1318,98,29,37
1319,98,35,37
1320,98,21,37
1321,98,29,37
1322,98,35,37
1323,98,32,37
1324,98,27,37
1325,98,29,37
1326,98,21,37
1327,98,24,37
1328,98,31,37
3,99,6,46
173,99,30,46
1298,99,32,46
1299,99,29,46
1300,99,29,46
1301,99,26,46
1302,99,26,46
1303,99,23,46
1304,99,28,46
1305,99,12,46
1306,99,28,46
1307,99,33,46
1308,99,26,46
1309,99,27,46
1310,99,30,46
1311,99,33,46
1312,99,26,46
1313,99,30,46
1314,99,29,46
1315,99,33,46
1316,99,29,46
1317,99,24,46
1318,99,27,46
1319,99,33,46
1320,99,27,46
1321,99,29,46
1322,99,32,46
1323,99,32,46
1324,99,27,46
1325,99,32,46
1326,99,24,46
1327,99,29,46
1328,99,25,46
486,100,1,1
1298,100,1,1
1299,100,1,1
1300,100,1,1
1301,100,1,1
1302,100,1,1
1303,100,1,1
1304,100,1,1
1305,100,1,1
1306,100,1,1
1307,100,1,1
1308,100,1,1
1309,100,1,1
1310,100,1,1
1311,100,1,1
1312,100,1,1
1313,100,1,1
1314,100,1,1
1315,100,1,1
1316,100,1,1
1317,100,1,1
1318,100,1,1
1319,100,1,1
1320,100,1,1
1321,100,1,1
1322,100,1,1
1323,100,1,1
1324,100,1,1
1325,100,1,1
1326,100,1,1
1327,100,1,1
1328,100,1,1
489,101,0,1
1298,101,1,1
1299,101,0,1
1300,101,0,1
1301,101,1,1
1302,101,1,1
1303,101,0,1
1304,101,1,1
1305,101,1,1
1306,101,1,1
1307,101,1,1
1308,101,1,1
1309,101,1,1
1310,101,1,1
1311,101,1,1
1312,101,1,1
1313,101,0,1
1314,101,1,1
1315,101,1,1
1316,101,1,1
1317,101,1,1
1318,101,1,1
1319,101,1,1
1320,101,1,1
1321,101,1,1
1322,101,1,1
1323,101,1,1
1324,101,1,1
1325,101,1,1
1326,101,1,1
1327,101,1,1
1328,101,0,1
817,102,0,4
1161,102,4,4
1329,102,3,4
1330,102,3,4
1331,102,2,4
1332,102,2,4
1333,102,4,4
1334,102,3,4
1335,102,2,4
1335,102,2,4
1336,102,4,4
1337,102,3,4
1338,102,3,4
1339,102,4,4
1340,102,2,4
1341,102,4,4
1342,102,3,4
1343,102,4,4
1344,102,2,4
1345,102,3,4
1346,102,2,4
1347,102,4,4
1348,102,3,4
1349,102,3,4
1350,102,3,4
1351,102,4,4
1352,102,3,4
1353,102,4,4
1354,102,4,4
1355,102,3,4
1356,102,3,4
71,103,5,36
817,103,0,36
1329,103,31,36
1330,103,34,36
1331,103,28,36
1332,103,35,36
1333,103,33,36
1334,103,21,36
1335,103,33,36
1336,103,33,36
1337,103,30,36
1338,103,35,36
1339,103,26,36
1340,103,19,36
1341,103,32,36
1342,103,34,36
1343,103,25,36
1344,103,35,36
1345,103,24,36
1346,103,22,36
1347,103,28,36
1348,103,32,36
1349,103,32,36
1350,103,34,36
1351,103,25,36
1352,103,32,36
1353,103,31,36
1354,103,32,36
1355,103,14,36
1356,103,31,36
61,104,1,30
817,104,0,30
1329,104,9,30
1330,104,14,30
1331,104,9,30
1332,104,12,30
1333,104,10,30
1334,104,10,30
1335,104,3,30
1336,104,11,30
1337,104,9,30
1338,104,9,30
1339,104,11,30
1340,104,6,30
1341,104,8,30
1342,104,15,30
1343,104,11,30
1344,104,9,30
1345,104,13,30
1346,104,6,30
1347,104,13,30
1348,104,9,30
1349,104,7,30
1350,104,15,30
1351,104,7,30
1352,104,8,30
1353,104,14,30
1354,104,14,30
1355,104,5,30
1356,104,13,30
492,105,0,1
817,105,0,1
1329,105,0,1
1330,105,1,1
1331,105,0,1
1332,105,0,1
1333,105,0,1
1334,105,0,1
1335,105,0,1
1336,105,0,1
1337,105,0,1
1338,105,0,1
1339,105,0,1
1340,105,1,1
1341,105,0,1
1342,105,0,1
1343,105,0,1
1344,105,1,1
1345,105,1,1
1346,105,0,1
1347,105,0,1
1348,105,0,1
1349,105,0,1
1350,105,0,1
1351,105,1,1
1352,105,0,1
1353,105,1,1
1354,105,0,1
1355,105,0,1
1356,105,1,1
490,106,0,1
817,106,0,1
1329,106,0,1
1330,106,0,1
1331,106,0,1
1332,106,0,1
1333,106,0,1
1334,106,0,1
1335,106,0,1
1336,106,0,1
1337,106,0,1
1338,106,0,1
1339,106,0,1
1340,106,0,1
1341,106,0,1
1342,106,1,1
1343,106,0,1
1344,106,1,1
1345,106,0,1
1346,106,0,1
1347,106,1,1
1348,106,1,1
1349,106,0,1
1350,106,0,1
1351,106,1,1
1352,106,0,1
1353,106,0,1
1354,106,0,1
1355,106,0,1
1356,106,1,1
62,107,7,59
68,107,0,59
879,107,39,59
942,107,0,59
1112,107,7,59
1113,107,0,59
1114,107,0,59
1116,107,15,59
1135,107,18,59
1147,107,14,59
1363,107,15,59
1364,107,1,59
1365,107,27,59
1366,107,14,59
1367,107,22,59
1368,107,0,59
1369,107,9,59
1370,107,10,59
1371,107,22,59
1372,107,33,59
1373,107,38,59
1374,107,18,59
1375,107,31,59
1376,107,33,59
1377,107,27,59
1378,107,44,59
1379,107,26,59
1380,107,1,59
1381,107,9,59
1382,107,30,59
1383,107,22,59
1384,107,20,59
1385,107,25,59
1386,107,28,59
1387,107,20,59
1388,107,25,59
1389,107,27,59
61,110,0,23
71,110,14,23
197,110,22,23
198,110,23,23
199,110,19,23
200,110,27,23
201,110,23,23
202,110,22,23
203,110,15,23
204,110,25,23
205,110,9,23
206,110,23,23
207,110,13,23
208,110,8,23
209,110,19,23
210,110,23,23
211,110,22,23
212,110,24,23
213,110,23,23
214,110,25,23
215,110,19,23
216,110,15,23
217,110,20,23
218,110,14,23
219,110,7,23
220,110,0,23
221,110,24,23
222,110,21,23
223,110,20,23
224,110,9,23
225,110,10,23
226,110,19,23
227,110,26,23
228,110,20,23
229,110,21,23
230,110,19,23
231,110,8,23
232,110,27,23
233,110,15,23
234,110,9,23
235,110,19,23
236,110,13,23
237,110,20,23
238,110,23,23
239,110,19,23
61,111,0,22
69,111,19,22
197,111,14,22
198,111,16,22
199,111,10,22
200,111,23,22
201,111,17,22
202,111,15,22
203,111,20,22
204,111,18,22
205,111,10,22
206,111,16,22
207,111,18,22
208,111,14,22
209,111,16,22
210,111,14,22
211,111,19,22
212,111,20,22
213,111,17,22
214,111,12,22
215,111,14,22
216,111,10,22
217,111,16,22
218,111,13,22
219,111,7,22
220,111,0,22
221,111,22,22
222,111,22,22
223,111,18,22
224,111,14,22
225,111,18,22
226,111,16,22
227,111,17,22
228,111,16,22
229,111,18,22
230,111,17,22
231,111,9,22
232,111,15,22
233,111,14,22
234,111,13,22
235,111,19,22
236,111,20,22
237,111,15,22
238,111,13,22
239,111,14,22
1415,111,13,22
61,112,0,21
69,112,14,21
197,112,15,21
198,112,2,21
199,112,8,21
200,112,18,21
201,112,15,21
202,112,14,21
203,112,13,21
204,112,15,21
205,112,7,21
206,112,15,21
207,112,12,21
208,112,10,21
209,112,13,21
210,112,12,21
211,112,16,21
212,112,16,21
213,112,13,21
214,112,9,21
215,112,13,21
216,112,3,21
217,112,10,21
218,112,11,21
219,112,6,21
220,112,0,21
221,112,13,21
222,112,16,21
223,112,15,21
224,112,10,21
225,112,15,21
226,112,14,21
227,112,14,21
228,112,15,21
229,112,11,21
230,112,16,21
231,112,5,21
232,112,15,21
233,112,15,21
234,112,11,21
235,112,15,21
236,112,15,21
237,112,10,21
238,112,14,21
239,112,11,21
61,113,0,9
197,113,2,9
198,113,3,9
199,113,6,9
200,113,7,9
201,113,7,9
202,113,6,9
203,113,6,9
204,113,6,9
205,113,3,9
206,113,6,9
207,113,4,9
208,113,6,9
209,113,9,9
210,113,5,9
211,113,7,9
212,113,7,9
213,113,7,9
214,113,6,9
215,113,5,9
216,113,3,9
217,113,4,9
218,113,4,9
219,113,2,9
220,113,0,9
221,113,6,9
222,113,7,9
223,113,6,9
224,113,3,9
225,113,6,9
226,113,6,9
227,113,3,9
228,113,6,9
229,113,7,9
230,113,7,9
231,113,4,9
232,113,7,9
233,113,4,9
234,113,6,9
235,113,4,9
236,113,6,9
237,113,5,9
238,113,6,9
239,113,4,9
1394,113,8,9
61,114,0,1
197,114,1,1
198,114,1,1
199,114,0,1
200,114,0,1
201,114,0,1
202,114,0,1
203,114,0,1
204,114,0,1
205,114,0,1
206,114,1,1
207,114,1,1
208,114,0,1
209,114,1,1
210,114,0,1
211,114,0,1
212,114,0,1
213,114,1,1
214,114,0,1
215,114,0,1
216,114,0,1
217,114,1,1
218,114,0,1
219,114,0,1
220,114,0,1
221,114,1,1
222,114,0,1
223,114,0,1
224,114,0,1
225,114,1,1
226,114,0,1
227,114,1,1
228,114,1,1
229,114,1,1
230,114,0,1
231,114,0,1
232,114,0,1
233,114,0,1
234,114,1,1
235,114,0,1
236,114,1,1
237,114,0,1
238,114,0,1
239,114,0,1
1392,114,1,1
65,115,0,23
71,115,12,23
72,115,24,23
73,115,26,23
74,115,22,23
75,115,16,23
76,115,21,23
77,115,25,23
78,115,20,23
79,115,19,23
80,115,25,23
81,115,24,23
82,115,24,23
83,115,26,23
84,115,16,23
85,115,23,23
86,115,21,23
87,115,18,23
88,115,22,23
89,115,17,23
90,115,13,23
91,115,21,23
92,115,23,23
93,115,26,23
94,115,25,23
95,115,26,23
96,115,22,23
97,115,13,23
98,115,23,23
99,115,21,23
100,115,24,23
101,115,24,23
102,115,21,23
103,115,25,23
104,115,24,23
105,115,12,23
106,115,23,23
107,115,24,23
108,115,22,23
109,115,25,23
110,115,25,23
111,115,5,23
112,115,25,23
113,115,25,23
1250,115,0,23
1263,115,0,23
1280,115,4,23
1295,115,8,23
1297,115,12,23
65,116,2,20
69,116,11,20
72,116,15,20
73,116,11,20
74,116,12,20
75,116,18,20
76,116,11,20
77,116,17,20
78,116,19,20
79,116,10,20
80,116,19,20
81,116,14,20
82,116,10,20
83,116,14,20
84,116,3,20
85,116,10,20
86,116,13,20
87,116,13,20
88,116,8,20
89,116,11,20
90,116,9,20
91,116,8,20
92,116,11,20
93,116,13,20
94,116,9,20
95,116,14,20
96,116,10,20
97,116,10,20
98,116,9,20
99,116,13,20
100,116,15,20
101,116,14,20
102,116,9,20
103,116,13,20
104,116,10,20
105,116,11,20
106,116,12,20
107,116,13,20
108,116,16,20
109,116,16,20
110,116,11,20
111,116,11,20
112,116,13,20
113,116,13,20
65,117,0,15
68,117,3,15
69,117,5,15
72,117,0,15
73,117,0,15
74,117,2,15
75,117,1,15
76,117,0,15
77,117,0,15
78,117,2,15
79,117,0,15
80,117,11,15
81,117,4,15
82,117,0,15
83,117,0,15
84,117,4,15
85,117,0,15
86,117,0,15
87,117,1,15
88,117,4,15
89,117,0,15
90,117,0,15
91,117,0,15
92,117,0,15
93,117,2,15
94,117,0,15
95,117,0,15
96,117,0,15
97,117,0,15
98,117,0,15
99,117,2,15
100,117,0,15
101,117,0,15
102,117,6,15
103,117,0,15
104,117,0,15
105,117,0,15
106,117,0,15
107,117,1,15
108,117,0,15
109,117,0,15
110,117,0,15
111,117,1,15
112,117,0,15
113,117,0,15
1415,117,1,15
61,118,0,9
72,118,4,9
73,118,6,9
74,118,6,9
75,118,7,9
76,118,6,9
77,118,7,9
78,118,7,9
79,118,5,9
80,118,7,9
81,118,6,9
82,118,7,9
83,118,6,9
84,118,6,9
85,118,6,9
86,118,7,9
87,118,4,9
88,118,4,9
89,118,4,9
90,118,4,9
91,118,6,9
92,118,7,9
93,118,7,9
94,118,4,9
95,118,6,9
96,118,5,9
97,118,7,9
98,118,5,9
99,118,7,9
100,118,6,9
101,118,7,9
102,118,7,9
103,118,6,9
104,118,5,9
105,118,4,9
106,118,7,9
107,118,6,9
108,118,5,9
109,118,6,9
110,118,7,9
111,118,5,9
112,118,7,9
113,118,6,9
1394,118,6,9
65,119,0,1
72,119,1,1
73,119,0,1
74,119,0,1
75,119,0,1
76,119,0,1
77,119,0,1
78,119,0,1
79,119,0,1
80,119,1,1
81,119,0,1
82,119,0,1
83,119,0,1
84,119,0,1
85,119,0,1
86,119,1,1
87,119,0,1
88,119,0,1
89,119,0,1
90,119,0,1
91,119,0,1
92,119,1,1
93,119,0,1
94,119,0,1
95,119,0,1
96,119,0,1
97,119,0,1
98,119,0,1
99,119,0,1
100,119,0,1
101,119,0,1
102,119,0,1
103,119,0,1
104,119,0,1
105,119,1,1
106,119,0,1
107,119,0,1
108,119,1,1
109,119,0,1
110,119,0,1
111,119,0,1
112,119,0,1
113,119,1,1
1392,119,0,1
62,120,0,6
64,120,0,6
114,120,0,6
115,120,4,6
116,120,0,6
117,120,0,6
118,120,1,6
119,120,1,6
120,120,1,6
121,120,0,6
122,120,2,6
123,120,0,6
124,120,4,6
125,120,0,6
126,120,0,6
127,120,0,6
128,120,0,6
129,120,0,6
130,120,0,6
131,120,1,6
132,120,1,6
133,120,1,6
135,120,3,6
136,120,0,6
137,120,1,6
138,120,1,6
139,120,1,6
140,120,1,6
141,120,1,6
142,120,0,6
143,120,1,6
144,120,0,6
145,120,0,6
146,120,0,6
147,120,3,6
148,120,1,6
149,120,1,6
151,120,1,6
152,120,0,6
153,120,0,6
154,120,0,6
3,121,7,36
62,121,0,36
69,121,4,36
114,121,27,36
115,121,26,36
116,121,22,36
117,121,26,36
118,121,30,36
119,121,31,36
120,121,31,36
121,121,29,36
122,121,31,36
123,121,30,36
124,121,25,36
125,121,27,36
126,121,30,36
127,121,28,36
128,121,0,36
129,121,13,36
130,121,26,36
131,121,28,36
132,121,33,36
133,121,30,36
135,121,30,36
136,121,27,36
137,121,27,36
138,121,20,36
139,121,27,36
140,121,35,36
141,121,32,36
142,121,24,36
143,121,17,36
144,121,24,36
145,121,29,36
146,121,23,36
147,121,26,36
148,121,30,36
149,121,27,36
151,121,30,36
152,121,21,36
153,121,0,36
154,121,29,36
62,122,0,22
71,122,3,22
114,122,18,22
115,122,16,22
116,122,10,22
117,122,15,22
118,122,19,22
119,122,25,22
120,122,21,22
121,122,22,22
122,122,24,22
123,122,22,22
124,122,7,22
125,122,17,22
126,122,10,22
127,122,19,22
128,122,0,22
129,122,15,22
130,122,21,22
131,122,4,22
132,122,22,22
133,122,19,22
135,122,24,22
136,122,19,22
137,122,21,22
138,122,11,22
139,122,20,22
140,122,25,22
141,122,21,22
142,122,18,22
143,122,16,22
144,122,17,22
145,122,8,22
146,122,23,22
147,122,19,22
148,122,9,22
149,122,19,22
151,122,23,22
152,122,18,22
153,122,0,22
154,122,22,22
62,123,0,18
67,123,13,18
69,123,5,18
114,123,8,18
115,123,11,18
116,123,6,18
117,123,11,18
118,123,10,18
119,123,20,18
120,123,20,18
121,123,8,18
122,123,12,18
123,123,12,18
124,123,11,18
125,123,12,18
126,123,11,18
127,123,11,18
128,123,0,18
129,123,3,18
130,123,9,18
131,123,15,18
132,123,16,18
133,123,11,18
135,123,13,18
136,123,7,18
137,123,12,18
138,123,3,18
139,123,11,18
140,123,11,18
141,123,11,18
142,123,6,18
143,123,9,18
144,123,7,18
145,123,10,18
146,123,12,18
147,123,14,18
148,123,12,18
149,123,12,18
151,123,9,18
152,123,9,18
153,123,0,18
154,123,7,18
62,124,0,12
69,124,3,12
114,124,2,12
115,124,4,12
116,124,1,12
117,124,4,12
118,124,2,12
119,124,3,12
120,124,3,12
121,124,8,12
122,124,7,12
123,124,1,12
124,124,3,12
125,124,1,12
126,124,0,12
127,124,0,12
128,124,0,12
129,124,2,12
130,124,1,12
131,124,7,12
132,124,1,12
133,124,3,12
135,124,7,12
136,124,2,12
137,124,1,12
138,124,2,12
139,124,1,12
140,124,6,12
141,124,6,12
142,124,1,12
143,124,9,12
144,124,2,12
145,124,3,12
146,124,7,12
147,124,4,12
148,124,1,12
149,124,4,12
151,124,3,12
152,124,1,12
153,124,0,12
154,124,0,12
817,124,10,12
62,125,0,24
67,125,6,24
114,125,14,24
115,125,4,24
116,125,14,24
117,125,14,24
118,125,16,24
119,125,24,24
120,125,24,24
121,125,15,24
122,125,20,24
123,125,17,24
124,125,14,24
125,125,13,24
126,125,14,24
127,125,9,24
128,125,0,24
129,125,12,24
130,125,16,24
131,125,10,24
132,125,22,24
133,125,13,24
135,125,13,24
136,125,10,24
137,125,17,24
138,125,12,24
139,125,11,24
140,125,20,24
141,125,16,24
142,125,10,24
143,125,13,24
144,125,7,24
145,125,15,24
146,125,18,24
147,125,23,24
148,125,16,24
149,125,10,24
151,125,14,24
152,125,15,24
153,125,0,24
154,125,5,24
64,126,0,6
66,126,0,6
155,126,0,6
156,126,0,6
157,126,0,6
158,126,1,6
159,126,0,6
160,126,0,6
161,126,0,6
162,126,0,6
163,126,1,6
164,126,0,6
165,126,1,6
166,126,0,6
167,126,0,6
168,126,0,6
169,126,0,6
170,126,0,6
171,126,0,6
172,126,0,6
173,126,0,6
174,126,0,6
175,126,0,6
176,126,0,6
177,126,0,6
178,126,1,6
179,126,0,6
180,126,0,6
181,126,0,6
182,126,1,6
183,126,0,6
184,126,0,6
185,126,0,6
186,126,0,6
187,126,0,6
188,126,0,6
189,126,0,6
190,126,1,6
191,126,0,6
192,126,0,6
193,126,3,6
4,127,29,25
66,127,0,25
69,127,0,25
155,127,16,25
156,127,22,25
157,127,0,25
158,127,28,25
159,127,23,25
160,127,8,25
161,127,26,25
162,127,0,25
163,127,25,25
164,127,23,25
165,127,25,25
166,127,22,25
167,127,20,25
168,127,21,25
169,127,25,25
170,127,21,25
171,127,0,25
172,127,0,25
173,127,26,25
174,127,18,25
175,127,23,25
176,127,18,25
177,127,26,25
178,127,22,25
179,127,0,25
180,127,19,25
181,127,24,25
182,127,25,25
183,127,0,25
184,127,26,25
185,127,15,25
186,127,23,25
187,127,0,25
188,127,12,25
189,127,0,25
190,127,26,25
191,127,20,25
192,127,23,25
193,127,23,25
66,128,0,22
71,128,1,22
155,128,24,22
156,128,2,22
157,128,0,22
158,128,17,22
159,128,22,22
160,128,1,22
161,128,16,22
162,128,0,22
163,128,11,22
164,128,16,22
165,128,27,22
166,128,21,22
167,128,17,22
168,128,10,22
169,128,20,22
170,128,18,22
171,128,0,22
172,128,0,22
173,128,18,22
174,128,6,22
175,128,15,22
176,128,14,22
177,128,26,22
178,128,4,22
179,128,0,22
180,128,15,22
181,128,23,22
182,128,23,22
183,128,0,22
184,128,22,22
185,128,9,22
186,128,23,22
187,128,0,22
188,128,3,22
189,128,0,22
190,128,20,22
191,128,10,22
192,128,20,22
193,128,21,22
66,129,0,18
67,129,15,18
69,129,0,18
155,129,16,18
156,129,8,18
157,129,0,18
158,129,11,18
159,129,8,18
160,129,2,18
161,129,7,18
162,129,0,18
163,129,9,18
164,129,10,18
165,129,11,18
166,129,14,18
167,129,11,18
168,129,8,18
169,129,8,18
170,129,7,18
171,129,0,18
172,129,0,18
173,129,17,18
174,129,2,18
175,129,16,18
176,129,6,18
177,129,17,18
178,129,5,18
179,129,0,18
180,129,13,18
181,129,16,18
182,129,9,18
183,129,0,18
184,129,9,18
185,129,10,18
186,129,10,18
187,129,0,18
188,129,5,18
189,129,0,18
190,129,11,18
191,129,9,18
192,129,8,18
193,129,13,18
62,130,2,14
66,130,0,14
69,130,1,14
155,130,7,14
156,130,6,14
157,130,0,14
158,130,12,14
159,130,6,14
160,130,2,14
161,130,2,14
162,130,0,14
163,130,5,14
164,130,5,14
165,130,9,14
166,130,10,14
167,130,7,14
168,130,4,14
169,130,9,14
170,130,7,14
171,130,0,14
172,130,0,14
173,130,12,14
174,130,0,14
175,130,8,14
176,130,7,14
177,130,8,14
178,130,8,14
179,130,0,14
180,130,7,14
181,130,8,14
182,130,4,14
183,130,0,14
184,130,10,14
185,130,7,14
186,130,11,14
187,130,0,14
188,130,5,14
189,130,0,14
190,130,8,14
191,130,3,14
192,130,6,14
193,130,10,14
817,130,11,14
66,131,0,25
67,131,6,25
155,131,13,25
156,131,9,25
157,131,0,25
158,131,15,25
159,131,17,25
160,131,7,25
161,131,9,25
162,131,0,25
163,131,12,25
164,131,12,25
165,131,24,25
166,131,24,25
167,131,11,25
168,131,16,25
169,131,14,25
170,131,14,25
171,131,0,25
172,131,0,25
173,131,16,25
174,131,12,25
175,131,23,25
176,131,14,25
177,131,24,25
178,131,1,25
179,131,0,25
180,131,12,25
181,131,21,25
182,131,16,25
183,131,0,25
184,131,12,25
185,131,15,25
186,131,19,25
187,131,0,25
188,131,7,25
189,131,0,25
190,131,17,25
191,131,9,25
192,131,16,25
193,131,14,25
1415,131,17,25
61,132,0,10
65,132,0,10
74,132,8,10
75,132,6,10
77,132,8,10
82,132,6,10
83,132,7,10
85,132,9,10
86,132,10,10
87,132,4,10
92,132,8,10
94,132,10,10
97,132,7,10
98,132,8,10
100,132,7,10
101,132,8,10
107,132,8,10
109,132,8,10
111,132,5,10
113,132,10,10
197,132,9,10
199,132,5,10
203,132,5,10
207,132,8,10
208,132,7,10
211,132,8,10
214,132,7,10
217,132,9,10
222,132,6,10
225,132,10,10
228,132,10,10
231,132,1,10
234,132,3,10
236,132,9,10
238,132,7,10
239,132,5,10
1391,132,7,10
61,133,0,1
65,133,0,1
76,133,0,1
78,133,1,1
79,133,0,1
80,133,0,1
81,133,0,1
84,133,0,1
88,133,0,1
89,133,0,1
90,133,0,1
91,133,0,1
93,133,0,1
95,133,0,1
96,133,0,1
99,133,0,1
102,133,0,1
103,133,0,1
104,133,0,1
105,133,0,1
106,133,0,1
108,133,0,1
110,133,0,1
112,133,0,1
198,133,0,1
200,133,0,1
201,133,0,1
202,133,0,1
204,133,0,1
205,133,0,1
206,133,0,1
209,133,0,1
210,133,0,1
212,133,0,1
213,133,1,1
215,133,0,1
216,133,0,1
218,133,0,1
219,133,0,1
221,133,0,1
223,133,0,1
224,133,0,1
226,133,0,1
227,133,0,1
229,133,0,1
230,133,0,1
232,133,0,1
233,133,0,1
235,133,0,1
237,133,0,1
1393,133,0,1
62,134,4,59
68,134,0,59
942,134,0,59
1112,134,3,59
1113,134,0,59
1114,134,0,59
1417,134,20,59
1418,134,18,59
1419,134,24,59
1420,134,20,59
1421,134,27,59
1422,134,24,59
1423,134,27,59
1424,134,16,59
1425,134,21,59
1426,134,20,59
1427,134,18,59
1428,134,16,59
1429,134,20,59
1430,134,19,59
1431,134,13,59
1432,134,17,59
1433,134,49,59
1434,134,18,59
1435,134,14,59
1436,134,25,59
1437,134,18,59
1438,134,17,59
1439,134,42,59
1440,134,11,59
1441,134,35,59
1442,134,33,59
1443,134,20,59
1444,134,34,59
1445,134,19,59
69,135,0,1
196,135,0,1
1162,135,1,1
1163,135,0,1
1164,135,1,1
1165,135,0,1
1166,135,0,1
1167,135,0,1
1168,135,0,1
1169,135,1,1
1170,135,0,1
1171,135,0,1
1172,135,0,1
1173,135,1,1
1174,135,0,1
1175,135,0,1
1176,135,0,1
1177,135,0,1
1178,135,0,1
1179,135,0,1
1180,135,0,1
1181,135,0,1
1182,135,1,1
1183,135,0,1
1184,135,0,1
1185,135,1,1
1186,135,0,1
1187,135,1,1
1188,135,0,1
1189,135,0,1
1190,135,0,1
1191,135,1,1
1192,135,1,1
1193,135,0,1
1194,135,1,1
1195,135,0,1
1196,135,0,1
1197,135,0,1
5,136,5,15
69,136,0,15
1162,136,5,15
1163,136,4,15
1164,136,6,15
1165,136,8,15
1166,136,4,15
1167,136,5,15
1168,136,5,15
1169,136,6,15
1170,136,5,15
1171,136,6,15
1172,136,6,15
1173,136,5,15
1174,136,6,15
1175,136,4,15
1176,136,6,15
1177,136,5,15
1178,136,8,15
1179,136,5,15
1180,136,0,15
1181,136,4,15
1182,136,3,15
1183,136,5,15
1184,136,4,15
1185,136,8,15
1186,136,6,15
1187,136,6,15
1188,136,0,15
1189,136,5,15
1190,136,5,15
1191,136,5,15
1192,136,6,15
1193,136,6,15
1194,136,6,15
1195,136,9,15
1196,136,6,15
1197,136,6,15
69,137,0,1
70,137,0,1
1162,137,0,1
1163,137,0,1
1164,137,1,1
1165,137,0,1
1166,137,0,1
1167,137,0,1
1168,137,1,1
1169,137,0,1
1170,137,0,1
1171,137,0,1
1172,137,0,1
1173,137,0,1
1174,137,0,1
1175,137,0,1
1176,137,0,1
1177,137,0,1
1178,137,0,1
1179,137,1,1
1180,137,0,1
1181,137,0,1
1182,137,0,1
1183,137,0,1
1184,137,0,1
1185,137,1,1
1186,137,0,1
1187,137,0,1
1188,137,0,1
1189,137,0,1
1190,137,0,1
1191,137,1,1
1192,137,1,1
1193,137,0,1
1194,137,0,1
1195,137,0,1
1196,137,0,1
1197,137,0,1
65,138,7,8
69,138,2,8
1162,138,5,8
1163,138,6,8
1164,138,5,8
1165,138,6,8
1166,138,5,8
1167,138,5,8
1168,138,2,8
1169,138,5,8
1170,138,6,8
1171,138,5,8
1172,138,4,8
1173,138,5,8
1174,138,4,8
1175,138,4,8
1176,138,4,8
1177,138,5,8
1178,138,5,8
1179,138,6,8
1180,138,0,8
1181,138,6,8
1182,138,2,8
1183,138,4,8
1184,138,6,8
1185,138,4,8
1186,138,5,8
1187,138,6,8
1188,138,0,8
1189,138,4,8
1190,138,6,8
1191,138,5,8
1192,138,6,8
1193,138,4,8
1194,138,5,8
1195,138,6,8
1196,138,4,8
1197,138,3,8
68,139,0,9
69,139,0,9
1162,139,0,9
1163,139,0,9
1164,139,0,9
1165,139,0,9
1166,139,0,9
1167,139,1,9
1168,139,0,9
1169,139,0,9
1170,139,3,9
1171,139,0,9
1172,139,3,9
1173,139,0,9
1174,139,1,9
1175,139,3,9
1176,139,0,9
1177,139,0,9
1178,139,0,9
1179,139,0,9
1180,139,0,9
1181,139,0,9
1182,139,0,9
1183,139,4,9
1184,139,0,9
1185,139,3,9
1186,139,1,9
1187,139,1,9
1188,139,0,9
1189,139,0,9
1190,139,2,9
1191,139,0,9
1192,139,0,9
1193,139,0,9
1194,139,0,9
1195,139,7,9
1196,139,3,9
1197,139,0,9
68,140,0,1
329,140,0,1
1198,140,1,1
1199,140,0,1
1200,140,0,1
1201,140,0,1
1202,140,0,1
1203,140,0,1
1204,140,0,1
1205,140,0,1
1206,140,0,1
1207,140,0,1
1208,140,0,1
1209,140,0,1
1210,140,0,1
1211,140,0,1
1212,140,0,1
1213,140,0,1
1214,140,0,1
1215,140,0,1
1216,140,0,1
1217,140,0,1
1218,140,0,1
1219,140,0,1
1220,140,0,1
1221,140,0,1
1222,140,0,1
1223,140,0,1
1224,140,0,1
1225,140,0,1
1226,140,0,1
1227,140,0,1
1228,140,0,1
1229,140,0,1
1230,140,0,1
1231,140,0,1
1232,140,0,1
1233,140,0,1
5,141,2,15
68,141,0,15
98,141,3,15
1198,141,4,15
1199,141,5,15
1200,141,3,15
1201,141,4,15
1202,141,5,15
1203,141,8,15
1204,141,4,15
1205,141,5,15
1206,141,5,15
1207,141,0,15
1208,141,5,15
1209,141,5,15
1210,141,3,15
1211,141,4,15
1212,141,6,15
1213,141,8,15
1214,141,8,15
1215,141,6,15
1216,141,6,15
1217,141,6,15
1218,141,7,15
1219,141,4,15
1220,141,3,15
1221,141,6,15
1222,141,4,15
1223,141,3,15
1224,141,5,15
1225,141,8,15
1226,141,5,15
1227,141,4,15
1228,141,8,15
1229,141,0,15
1230,141,7,15
1231,141,4,15
1232,141,3,15
1233,141,5,15
61,142,14,24
68,142,0,24
1198,142,18,24
1199,142,17,24
1200,142,11,24
1201,142,21,24
1202,142,18,24
1203,142,19,24
1204,142,20,24
1205,142,19,24
1206,142,15,24
1207,142,0,24
1208,142,14,24
1209,142,19,24
1210,142,16,24
1211,142,16,24
1212,142,22,24
1213,142,17,24
1214,142,19,24
1215,142,21,24
1216,142,21,24
1217,142,19,24
1218,142,21,24
1219,142,21,24
1220,142,16,24
1221,142,8,24
1222,142,17,24
1223,142,14,24
1224,142,19,24
1225,142,16,24
1226,142,20,24
1227,142,13,24
1228,142,18,24
1229,142,0,24
1230,142,8,24
1231,142,14,24
1232,142,17,24
1233,142,19,24
65,143,6,8
68,143,0,8
1198,143,5,8
1199,143,5,8
1200,143,4,8
1201,143,5,8
1202,143,5,8
1203,143,5,8
1204,143,6,8
1205,143,5,8
1206,143,3,8
1207,143,0,8
1208,143,5,8
1209,143,5,8
1210,143,2,8
1211,143,7,8
1212,143,6,8
1213,143,6,8
1214,143,5,8
1215,143,6,8
1216,143,3,8
1217,143,5,8
1218,143,3,8
1219,143,5,8
1220,143,3,8
1221,143,5,8
1222,143,4,8
1223,143,4,8
1224,143,5,8
1225,143,6,8
1226,143,5,8
1227,143,0,8
1228,143,6,8
1229,143,0,8
1230,143,5,8
1231,143,4,8
1232,143,3,8
1233,143,4,8
68,144,1,9
1198,144,1,9
1199,144,0,9
1200,144,0,9
1201,144,1,9
1202,144,1,9
1203,144,0,9
1204,144,1,9
1205,144,0,9
1206,144,1,9
1207,144,0,9
1208,144,4,9
1209,144,4,9
1210,144,0,9
1211,144,2,9
1212,144,0,9
1213,144,4,9
1214,144,0,9
1215,144,0,9
1216,144,2,9
1217,144,0,9
1218,144,0,9
1219,144,0,9
1220,144,1,9
1221,144,0,9
1222,144,0,9
1223,144,0,9
1224,144,0,9
1225,144,8,9
1226,144,0,9
1227,144,2,9
1228,144,1,9
1229,144,0,9
1230,144,0,9
1231,144,4,9
1232,144,0,9
1233,144,0,9
58,145,0,1
196,145,0,1
1234,145,0,1
1235,145,0,1
1236,145,1,1
1237,145,1,1
1238,145,0,1
1239,145,1,1
1240,145,0,1
1241,145,1,1
1242,145,0,1
1243,145,0,1
1244,145,0,1
1245,145,0,1
1246,145,0,1
1247,145,0,1
1248,145,0,1
1249,145,0,1
1250,145,1,1
1251,145,0,1
1252,145,1,1
1253,145,0,1
1254,145,0,1
1255,145,0,1
1256,145,0,1
1257,145,1,1
1258,145,1,1
1259,145,0,1
1260,145,1,1
1261,145,1,1
1262,145,1,1
1263,145,0,1
1264,145,0,1
1265,145,0,1
5,146,0,15
58,146,0,15
1234,146,3,15
1235,146,5,15
1236,146,5,15
1237,146,7,15
1238,146,7,15
1239,146,5,15
1240,146,5,15
1241,146,7,15
1242,146,4,15
1243,146,9,15
1244,146,4,15
1245,146,0,15
1246,146,6,15
1247,146,7,15
1248,146,5,15
1249,146,4,15
1250,146,6,15
1251,146,3,15
1252,146,6,15
1253,146,5,15
1254,146,5,15
1255,146,6,15
1256,146,4,15
1257,146,7,15
1258,146,5,15
1259,146,6,15
1260,146,9,15
1261,146,6,15
1262,146,6,15
1263,146,8,15
1264,146,5,15
1265,146,5,15
58,147,0,21
63,147,9,21
285,147,10,21
1234,147,12,21
1235,147,10,21
1236,147,18,21
1237,147,13,21
1238,147,13,21
1239,147,14,21
1240,147,12,21
1241,147,17,21
1242,147,13,21
1243,147,13,21
1244,147,10,21
1245,147,0,21
1246,147,13,21
1247,147,15,21
1248,147,8,21
1249,147,12,21
1250,147,13,21
1251,147,12,21
1252,147,15,21
1253,147,14,21
1254,147,14,21
1255,147,14,21
1256,147,16,21
1257,147,15,21
1258,147,13,21
1259,147,11,21
1260,147,16,21
1261,147,11,21
1262,147,14,21
1263,147,13,21
1264,147,13,21
1265,147,13,21
58,148,0,8
65,148,5,8
205,148,4,8
206,148,5,8
207,148,6,8
218,148,1,8
221,148,4,8
224,148,6,8
225,148,4,8
228,148,4,8
233,148,3,8
234,148,0,8
236,148,0,8
237,148,6,8
239,148,5,8
1234,148,5,8
1235,148,5,8
1236,148,6,8
1237,148,6,8
1238,148,6,8
1239,148,5,8
1240,148,6,8
1241,148,6,8
1242,148,5,8
1243,148,7,8
1244,148,3,8
1245,148,0,8
1246,148,5,8
1247,148,6,8
1248,148,5,8
1249,148,5,8
1250,148,6,8
1251,148,4,8
1252,148,7,8
1253,148,4,8
1254,148,6,8
1255,148,4,8
1256,148,6,8
1257,148,6,8
1258,148,5,8
1259,148,5,8
1260,148,6,8
1261,148,4,8
1262,148,6,8
1263,148,6,8
1264,148,5,8
1265,148,5,8
4,149,16,17
58,149,0,17
1234,149,12,17
1235,149,10,17
1236,149,13,17
1237,149,8,17
1238,149,12,17
1239,149,12,17
1240,149,7,17
1241,149,12,17
1242,149,7,17
1243,149,15,17
1244,149,8,17
1245,149,0,17
1246,149,12,17
1247,149,12,17
1248,149,11,17
1249,149,11,17
1250,149,8,17
1251,149,6,17
1252,149,14,17
1253,149,9,17
1254,149,12,17
1255,149,10,17
1256,149,10,17
1257,149,13,17
1258,149,12,17
1259,149,12,17
1260,149,13,17
1261,149,9,17
1262,149,11,17
1263,149,13,17
1264,149,12,17
1265,149,11,17
4,150,0,1
662,150,0,1
1266,150,0,1
1267,150,0,1
1268,150,0,1
1269,150,0,1
1270,150,1,1
1271,150,0,1
1272,150,0,1
1273,150,0,1
1274,150,0,1
1275,150,0,1
1276,150,0,1
1277,150,0,1
1278,150,0,1
1279,150,0,1
1280,150,0,1
1281,150,0,1
1282,150,0,1
1283,150,0,1
1284,150,0,1
1285,150,0,1
1286,150,0,1
1287,150,0,1
1288,150,0,1
1289,150,0,1
1290,150,0,1
1291,150,0,1
1292,150,0,1
1293,150,0,1
1294,150,0,1
1295,150,0,1
1296,150,0,1
1297,150,0,1
4,151,0,1
1266,151,0,1
1267,151,0,1
1268,151,1,1
1269,151,0,1
1270,151,1,1
1271,151,0,1
1272,151,0,1
1273,151,0,1
1274,151,0,1
1275,151,0,1
1276,151,0,1
1277,151,0,1
1278,151,0,1
1279,151,1,1
1280,151,0,1
1281,151,0,1
1282,151,0,1
1283,151,0,1
1284,151,1,1
1285,151,0,1
1286,151,0,1
1287,151,0,1
1288,151,0,1
1289,151,0,1
1290,151,0,1
1291,151,1,1
1292,151,0,1
1293,151,0,1
1294,151,0,1
1295,151,0,1
1296,151,0,1
1297,151,0,1
4,152,0,15
5,152,3,15
1266,152,4,15
1267,152,4,15
1268,152,4,15
1269,152,8,15
1270,152,4,15
1271,152,4,15
1272,152,2,15
1273,152,5,15
1274,152,6,15
1275,152,5,15
1276,152,5,15
1277,152,5,15
1278,152,5,15
1279,152,6,15
1280,152,5,15
1281,152,5,15
1282,152,3,15
1283,152,7,15
1284,152,6,15
1285,152,8,15
1286,152,5,15
1287,152,3,15
1288,152,3,15
1289,152,4,15
1290,152,0,15
1291,152,1,15
1292,152,4,15
1293,152,6,15
1294,152,4,15
1295,152,5,15
1296,152,5,15
1297,152,5,15
4,153,19,19
1266,153,13,19
1267,153,12,19
1268,153,11,19
1269,153,16,19
1270,153,12,19
1271,153,13,19
1272,153,6,19
1273,153,16,19
1274,153,2,19
1275,153,7,19
1276,153,6,19
1277,153,13,19
1278,153,12,19
1279,153,12,19
1280,153,15,19
1281,153,16,19
1282,153,9,19
1283,153,13,19
1284,153,11,19
1285,153,14,19
1286,153,11,19
1287,153,5,19
1288,153,12,19
1289,153,10,19
1290,153,0,19
1291,153,5,19
1292,153,13,19
1293,153,12,19
1294,153,12,19
1295,153,11,19
1296,153,12,19
1297,153,13,19
4,154,0,35
61,154,3,35
63,154,4,35
64,154,11,35
70,154,0,35
285,154,23,35
1266,154,18,35
1267,154,16,35
1268,154,15,35
1269,154,20,35
1270,154,15,35
1271,154,16,35
1272,154,19,35
1273,154,21,35
1274,154,7,35
1275,154,6,35
1276,154,5,35
1277,154,19,35
1278,154,17,35
1279,154,22,35
1280,154,18,35
1281,154,23,35
1282,154,18,35
1283,154,21,35
1284,154,21,35
1285,154,22,35
1286,154,20,35
1287,154,16,35
1288,154,12,35
1289,154,17,35
1290,154,0,35
1291,154,15,35
1292,154,21,35
1293,154,21,35
1294,154,20,35
1295,154,17,35
1296,154,19,35
1297,154,21,35
1413,154,19,35
3,155,0,1
196,155,0,1
1298,155,1,1
1299,155,1,1
1300,155,0,1
1301,155,1,1
1302,155,0,1
1303,155,0,1
1304,155,1,1
1305,155,0,1
1306,155,1,1
1307,155,1,1
1308,155,0,1
1309,155,0,1
1310,155,1,1
1311,155,1,1
1312,155,1,1
1313,155,0,1
1314,155,1,1
1315,155,1,1
1316,155,0,1
1317,155,0,1
1318,155,0,1
1319,155,0,1
1320,155,0,1
1321,155,1,1
1322,155,1,1
1323,155,1,1
1324,155,0,1
1325,155,1,1
1326,155,1,1
1327,155,0,1
1328,155,0,1
3,156,0,1
194,156,0,1
1298,156,1,1
1299,156,1,1
1300,156,0,1
1301,156,1,1
1302,156,0,1
1303,156,0,1
1304,156,1,1
1305,156,0,1
1306,156,1,1
1307,156,1,1
1308,156,1,1
1309,156,0,1
1310,156,1,1
1311,156,1,1
1312,156,0,1
1313,156,1,1
1314,156,1,1
1315,156,1,1
1316,156,1,1
1317,156,1,1
1318,156,0,1
1319,156,1,1
1320,156,0,1
1321,156,0,1
1322,156,1,1
1323,156,1,1
1324,156,0,1
1325,156,1,1
1326,156,1,1
1327,156,1,1
1328,156,1,1
3,157,0,15
5,157,3,15
1298,157,5,15
1299,157,4,15
1300,157,3,15
1301,157,6,15
1302,157,4,15
1303,157,7,15
1304,157,9,15
1305,157,6,15
1306,157,9,15
1307,157,4,15
1308,157,6,15
1309,157,4,15
1310,157,6,15
1311,157,5,15
1312,157,6,15
1313,157,5,15
1314,157,6,15
1315,157,6,15
1316,157,5,15
1317,157,4,15
1318,157,5,15
1319,157,5,15
1320,157,5,15
1321,157,5,15
1322,157,5,15
1323,157,5,15
1324,157,6,15
1325,157,6,15
1326,157,2,15
1327,157,4,15
1328,157,3,15
3,158,4,25
1298,158,17,25
1299,158,17,25
1300,158,16,25
1301,158,11,25
1302,158,17,25
1303,158,12,25
1304,158,16,25
1305,158,12,25
1306,158,20,25
1307,158,17,25
1308,158,14,25
1309,158,17,25
1310,158,17,25
1311,158,19,25
1312,158,7,25
1313,158,13,25
1314,158,18,25
1315,158,17,25
1316,158,19,25
1317,158,13,25
1318,158,21,25
1319,158,16,25
1320,158,12,25
1321,158,14,25
1322,158,21,25
1323,158,16,25
1324,158,18,25
1325,158,18,25
1326,158,11,25
1327,158,17,25
1328,158,15,25
3,159,0,22
64,159,12,22
226,159,9,22
1298,159,20,22
1299,159,17,22
1300,159,14,22
1301,159,20,22
1302,159,13,22
1303,159,13,22
1304,159,16,22
1305,159,11,22
1306,159,14,22
1307,159,15,22
1308,159,18,22
1309,159,10,22
1310,159,21,22
1311,159,15,22
1312,159,7,22
1313,159,11,22
1314,159,16,22
1315,159,21,22
1316,159,9,22
1317,159,11,22
1318,159,19,22
1319,159,21,22
1320,159,9,22
1321,159,18,22
1322,159,21,22
1323,159,19,22
1324,159,13,22
1325,159,18,22
1326,159,13,22
1327,159,16,22
1328,159,15,22
329,160,0,1
817,160,0,1
1329,160,0,1
1330,160,0,1
1331,160,0,1
1332,160,0,1
1333,160,0,1
1334,160,0,1
1335,160,0,1
1336,160,0,1
1337,160,0,1
1338,160,0,1
1339,160,0,1
1340,160,0,1
1341,160,0,1
1342,160,0,1
1343,160,0,1
1344,160,0,1
1345,160,0,1
1346,160,0,1
1347,160,0,1
1348,160,0,1
1349,160,0,1
1350,160,0,1
1351,160,0,1
1352,160,1,1
1353,160,0,1
1354,160,1,1
1355,160,0,1
1356,160,0,1
817,161,0,1
1329,161,0,1
1330,161,0,1
1331,161,0,1
1332,161,0,1
1333,161,0,1
1334,161,0,1
1335,161,0,1
1336,161,0,1
1337,161,0,1
1338,161,0,1
1339,161,0,1
1340,161,0,1
1341,161,0,1
1342,161,0,1
1343,161,1,1
1344,161,0,1
1345,161,0,1
1346,161,0,1
1347,161,0,1
1348,161,0,1
1349,161,0,1
1350,161,0,1
1351,161,0,1
1352,161,0,1
1353,161,0,1
1354,161,0,1
1355,161,0,1
1356,161,0,1
5,162,3,15
817,162,0,15
1329,162,3,15
1330,162,5,15
1331,162,7,15
1332,162,3,15
1333,162,4,15
1334,162,3,15
1335,162,0,15
1336,162,3,15
1337,162,3,15
1338,162,7,15
1339,162,5,15
1340,162,3,15
1341,162,5,15
1342,162,5,15
1343,162,5,15
1344,162,5,15
1345,162,8,15
1346,162,4,15
1347,162,7,15
1348,162,4,15
1349,162,5,15
1350,162,9,15
1351,162,4,15
1352,162,9,15
1353,162,0,15
1354,162,6,15
1355,162,3,15
1356,162,4,15
68,163,1,9
817,163,0,9
1329,163,1,9
1330,163,0,9
1331,163,7,9
1332,163,6,9
1333,163,5,9
1334,163,0,9
1335,163,1,9
1336,163,2,9
1337,163,5,9
1338,163,6,9
1339,163,3,9
1340,163,0,9
1341,163,5,9
1342,163,4,9
1343,163,5,9
1344,163,1,9
1345,163,8,9
1346,163,5,9
1347,163,6,9
1348,163,5,9
1349,163,0,9
1350,163,8,9
1351,163,5,9
1352,163,2,9
1353,163,0,9
1354,163,1,9
1355,163,0,9
1356,163,3,9
64,164,7,21
226,164,1,21
817,164,0,21
1329,164,15,21
1330,164,18,21
1331,164,17,21
1332,164,17,21
1333,164,16,21
1334,164,13,21
1335,164,7,21
1336,164,1,21
1337,164,13,21
1338,164,19,21
1339,164,14,21
1340,164,8,21
1341,164,14,21
1342,164,18,21
1343,164,11,21
1344,164,18,21
1345,164,12,21
1346,164,14,21
1347,164,16,21
1348,164,13,21
1349,164,6,21
1350,164,19,21
1351,164,16,21
1352,164,13,21
1353,164,2,21
1354,164,12,21
1355,164,13,21
1356,164,14,21
5,165,3,12
1447,165,8,12
1448,165,6,12
1449,165,5,12
1450,165,1,12
1451,165,6,12
1452,165,5,12
1453,165,8,12
1454,165,5,12
1455,165,7,12
1456,165,4,12
1457,165,8,12
1458,165,6,12
1459,165,6,12
